month,drug_category,net_sales,units_sold,transaction_count,avg_discount_rate,campaign_share,month_date,lag_1_sales,lag_2_sales,lag_1_units,lag_1_transaction_count,lag_1_avg_discount_rate,lag_1_campaign_share,rolling_3_sales,rolling_3_units,month_number,time_index
2024-01,Allergy,10388.15,213,13,0.20403076923076924,0.07692307692307693,2024-01-01,,,,,,,,,1,1
2024-02,Allergy,13961.119999999999,289,16,0.21118125000000001,0.1875,2024-02-01,10388.15,,213.0,13.0,0.20403076923076924,0.07692307692307693,10388.15,213.0,2,2
2024-03,Allergy,15746.35,340,17,0.23052352941176468,0.5294117647058824,2024-03-01,13961.119999999999,10388.15,289.0,16.0,0.21118125000000001,0.1875,12174.634999999998,251.0,3,3
2024-04,Allergy,15151.39,302,15,0.1761,0.3333333333333333,2024-04-01,15746.35,13961.119999999999,340.0,17.0,0.23052352941176468,0.5294117647058824,13365.206666666665,280.6666666666667,4,4
2024-05,Allergy,18819.52,400,20,0.214155,0.25,2024-05-01,15151.39,15746.35,302.0,15.0,0.1761,0.3333333333333333,14952.953333333333,310.3333333333333,5,5
2024-06,Allergy,11941.05,243,13,0.19435384615384615,0.07692307692307693,2024-06-01,18819.52,15151.39,400.0,20.0,0.214155,0.25,16572.420000000002,347.3333333333333,6,6
2024-07,Allergy,15962.47,334,19,0.19047368421052632,0.21052631578947367,2024-07-01,11941.05,18819.52,243.0,13.0,0.19435384615384615,0.07692307692307693,15303.98666666667,315.0,7,7
2024-08,Allergy,16699.86,347,21,0.23269047619047617,0.09523809523809523,2024-08-01,15962.47,11941.05,334.0,19.0,0.19047368421052632,0.21052631578947367,15574.346666666666,325.6666666666667,8,8
2024-09,Allergy,12526.26,267,17,0.2091235294117647,0.35294117647058826,2024-09-01,16699.86,15962.47,347.0,21.0,0.23269047619047617,0.09523809523809523,14867.793333333335,308.0,9,9
2024-10,Allergy,14460.69,296,19,0.20439473684210527,0.21052631578947367,2024-10-01,12526.26,16699.86,267.0,17.0,0.2091235294117647,0.35294117647058826,15062.863333333335,316.0,10,10
2024-11,Allergy,23280.8,462,27,0.1903111111111111,0.18518518518518517,2024-11-01,14460.69,12526.26,296.0,19.0,0.20439473684210527,0.21052631578947367,14562.269999999999,303.3333333333333,11,11
2024-12,Allergy,20798.7,418,22,0.19098181818181817,0.09090909090909091,2024-12-01,23280.8,14460.69,462.0,27.0,0.1903111111111111,0.18518518518518517,16755.916666666668,341.6666666666667,12,12
2025-01,Allergy,18496.11,364,23,0.1492086956521739,0.13043478260869565,2025-01-01,20798.7,23280.8,418.0,22.0,0.19098181818181817,0.09090909090909091,19513.396666666667,392.0,1,13
2025-02,Allergy,18417.54,363,21,0.18823809523809523,0.19047619047619047,2025-02-01,18496.11,20798.7,364.0,23.0,0.1492086956521739,0.13043478260869565,20858.536666666667,414.6666666666667,2,14
2025-03,Allergy,17752.32,354,18,0.20283333333333334,0.2777777777777778,2025-03-01,18417.54,18496.11,363.0,21.0,0.18823809523809523,0.19047619047619047,19237.45,381.6666666666667,3,15
2025-04,Allergy,10026.41,209,9,0.23185555555555556,0.1111111111111111,2025-04-01,17752.32,18417.54,354.0,18.0,0.20283333333333334,0.2777777777777778,18221.99,360.3333333333333,4,16
2025-05,Allergy,25544.61,506,23,0.16332608695652173,0.17391304347826086,2025-05-01,10026.41,17752.32,209.0,9.0,0.23185555555555556,0.1111111111111111,15398.756666666668,308.6666666666667,5,17
2025-06,Allergy,24164.76,477,24,0.17536666666666667,0.041666666666666664,2025-06-01,25544.61,10026.41,506.0,23.0,0.16332608695652173,0.17391304347826086,17774.446666666667,356.3333333333333,6,18
2025-07,Allergy,11132.16,215,11,0.17195454545454547,0.09090909090909091,2025-07-01,24164.76,25544.61,477.0,24.0,0.17536666666666667,0.041666666666666664,19911.926666666666,397.3333333333333,7,19
2025-08,Allergy,19147.34,384,21,0.15792857142857142,0.23809523809523808,2025-08-01,11132.16,24164.76,215.0,11.0,0.17195454545454547,0.09090909090909091,20280.51,399.3333333333333,8,20
2025-09,Allergy,15833.33,320,19,0.20275263157894738,0.3157894736842105,2025-09-01,19147.34,11132.16,384.0,21.0,0.15792857142857142,0.23809523809523808,18148.086666666666,358.6666666666667,9,21
2025-10,Allergy,18079.86,370,21,0.20999047619047617,0.3333333333333333,2025-10-01,15833.33,19147.34,320.0,19.0,0.20275263157894738,0.3157894736842105,15370.943333333335,306.3333333333333,10,22
2025-11,Allergy,18001.82,340,20,0.1824,0.15,2025-11-01,18079.86,15833.33,370.0,21.0,0.20999047619047617,0.3333333333333333,17686.843333333334,358.0,11,23
2025-12,Allergy,17146.53,340,18,0.1660222222222222,0.05555555555555555,2025-12-01,18001.82,18079.86,340.0,20.0,0.1824,0.15,17305.003333333334,343.3333333333333,12,24
2024-01,Analgesics,15408.44,347,17,0.20181176470588236,0.058823529411764705,2024-01-01,,,,,,,,,1,1
2024-02,Analgesics,21322.69,477,20,0.18043,0.15,2024-02-01,15408.44,,347.0,17.0,0.20181176470588236,0.058823529411764705,15408.44,347.0,2,2
2024-03,Analgesics,15995.35,365,17,0.1597,0.23529411764705882,2024-03-01,21322.69,15408.44,477.0,20.0,0.18043,0.15,18365.565,412.0,3,3
2024-04,Analgesics,32819.04,694,28,0.16215357142857142,0.14285714285714285,2024-04-01,15995.35,21322.69,365.0,17.0,0.1597,0.23529411764705882,17575.493333333336,396.3333333333333,4,4
2024-05,Analgesics,37881.24,832,35,0.19803714285714286,0.14285714285714285,2024-05-01,32819.04,15995.35,694.0,28.0,0.16215357142857142,0.14285714285714285,23379.02666666667,512.0,5,5
2024-06,Analgesics,26799.7,597,26,0.1924923076923077,0.11538461538461539,2024-06-01,37881.24,32819.04,832.0,35.0,0.19803714285714286,0.14285714285714285,28898.543333333335,630.3333333333334,6,6
2024-07,Analgesics,21020.07,468,22,0.19917272727272728,0.09090909090909091,2024-07-01,26799.7,37881.24,597.0,26.0,0.1924923076923077,0.11538461538461539,32499.993333333332,707.6666666666666,7,7
2024-08,Analgesics,16949.18,366,16,0.17878125,0.125,2024-08-01,21020.07,26799.7,468.0,22.0,0.19917272727272728,0.09090909090909091,28567.003333333338,632.3333333333334,8,8
2024-09,Analgesics,24288.72,558,26,0.19956538461538462,0.19230769230769232,2024-09-01,16949.18,21020.07,366.0,16.0,0.17878125,0.125,21589.650000000005,477.0,9,9
2024-10,Analgesics,23669.32,505,25,0.16976400000000003,0.28,2024-10-01,24288.72,16949.18,558.0,26.0,0.19956538461538462,0.19230769230769232,20752.656666666673,464.0,10,10
2024-11,Analgesics,20043.98,456,24,0.1960875,0.125,2024-11-01,23669.32,24288.72,505.0,25.0,0.16976400000000003,0.28,21635.74,476.3333333333333,11,11
2024-12,Analgesics,16378.02,356,16,0.1761375,0.125,2024-12-01,20043.98,23669.32,456.0,24.0,0.1960875,0.125,22667.340000000007,506.3333333333333,12,12
2025-01,Analgesics,13983.71,323,15,0.1778266666666667,0.2,2025-01-01,16378.02,20043.98,356.0,16.0,0.1761375,0.125,20030.440000000002,439.0,1,13
2025-02,Analgesics,21244.35,499,21,0.20890476190476193,0.2857142857142857,2025-02-01,13983.71,16378.02,323.0,15.0,0.1778266666666667,0.2,16801.903333333335,378.3333333333333,2,14
2025-03,Analgesics,30473.05,701,27,0.19625925925925927,0.2222222222222222,2025-03-01,21244.35,13983.71,499.0,21.0,0.20890476190476193,0.2857142857142857,17202.02666666667,392.6666666666667,3,15
2025-04,Analgesics,20138.66,459,16,0.2061,0.125,2025-04-01,30473.05,21244.35,701.0,27.0,0.19625925925925927,0.2222222222222222,21900.37,507.6666666666667,4,16
2025-05,Analgesics,30890.35,680,22,0.1852818181818182,0.18181818181818182,2025-05-01,20138.66,30473.05,459.0,16.0,0.2061,0.125,23952.020000000004,553.0,5,17
2025-06,Analgesics,20379.74,449,18,0.1602777777777778,0.16666666666666666,2025-06-01,30890.35,20138.66,680.0,22.0,0.1852818181818182,0.18181818181818182,27167.353333333333,613.3333333333334,6,18
2025-07,Analgesics,12581.029999999999,275,10,0.16888,0.1,2025-07-01,20379.74,30890.35,449.0,18.0,0.1602777777777778,0.16666666666666666,23802.916666666668,529.3333333333334,7,19
2025-08,Analgesics,29496.89,659,24,0.17907499999999998,0.08333333333333333,2025-08-01,12581.029999999999,20379.74,275.0,10.0,0.16888,0.1,21283.70666666667,468.0,8,20
2025-09,Analgesics,15040.36,344,15,0.19858,0.26666666666666666,2025-09-01,29496.89,12581.029999999999,659.0,24.0,0.17907499999999998,0.08333333333333333,20819.22,461.0,9,21
2025-10,Analgesics,21806.93,464,22,0.15693636363636362,0.18181818181818182,2025-10-01,15040.36,29496.89,344.0,15.0,0.19858,0.26666666666666666,19039.42666666667,426.0,10,22
2025-11,Analgesics,30939.18,686,28,0.2011,0.14285714285714285,2025-11-01,21806.93,15040.36,464.0,22.0,0.15693636363636362,0.18181818181818182,22114.72666666667,489.0,11,23
2025-12,Analgesics,21677.84,509,20,0.183185,0.05,2025-12-01,30939.18,21806.93,686.0,28.0,0.2011,0.14285714285714285,22595.49,498.0,12,24
2024-01,Anesthesia,18172.31,331,22,0.17955454545454547,0.22727272727272727,2024-01-01,,,,,,,,,1,1
2024-02,Anesthesia,14012.83,258,16,0.22945625,0.0625,2024-02-01,18172.31,,331.0,22.0,0.17955454545454547,0.22727272727272727,18172.31,331.0,2,2
2024-03,Anesthesia,15697.220000000001,288,14,0.20177857142857142,0.21428571428571427,2024-03-01,14012.83,18172.31,258.0,16.0,0.22945625,0.0625,16092.57,294.5,3,3
2024-04,Anesthesia,16472.89,309,17,0.1992764705882353,0.17647058823529413,2024-04-01,15697.220000000001,14012.83,288.0,14.0,0.20177857142857142,0.21428571428571427,15960.786666666667,292.3333333333333,4,4
2024-05,Anesthesia,17827.6,313,16,0.18566875,0.0,2024-05-01,16472.89,15697.220000000001,309.0,17.0,0.1992764705882353,0.17647058823529413,15394.313333333334,285.0,5,5
2024-06,Anesthesia,16184.64,272,16,0.11751249999999999,0.0625,2024-06-01,17827.6,16472.89,313.0,16.0,0.18566875,0.0,16665.903333333332,303.3333333333333,6,6
2024-07,Anesthesia,11961.359999999999,217,14,0.1973357142857143,0.21428571428571427,2024-07-01,16184.64,17827.6,272.0,16.0,0.11751249999999999,0.0625,16828.376666666663,298.0,7,7
2024-08,Anesthesia,18604.74,317,21,0.16146190476190475,0.047619047619047616,2024-08-01,11961.359999999999,16184.64,217.0,14.0,0.1973357142857143,0.21428571428571427,15324.533333333331,267.3333333333333,8,8
2024-09,Anesthesia,21528.79,412,24,0.1935625,0.20833333333333334,2024-09-01,18604.74,11961.359999999999,317.0,21.0,0.16146190476190475,0.047619047619047616,15583.58,268.6666666666667,9,9
2024-10,Anesthesia,21285.37,382,28,0.176825,0.2857142857142857,2024-10-01,21528.79,18604.74,412.0,24.0,0.1935625,0.20833333333333334,17364.963333333333,315.3333333333333,10,10
2024-11,Anesthesia,18470.31,325,21,0.15979047619047618,0.047619047619047616,2024-11-01,21285.37,21528.79,382.0,28.0,0.176825,0.2857142857142857,20472.966666666664,370.3333333333333,11,11
2024-12,Anesthesia,19994.48,359,21,0.19334761904761905,0.19047619047619047,2024-12-01,18470.31,21285.37,325.0,21.0,0.15979047619047618,0.047619047619047616,20428.156666666666,373.0,12,12
2025-01,Anesthesia,21522.36,392,21,0.18637619047619047,0.047619047619047616,2025-01-01,19994.48,18470.31,359.0,21.0,0.19334761904761905,0.19047619047619047,19916.72,355.3333333333333,1,13
2025-02,Anesthesia,27594.26,508,26,0.18265769230769233,0.23076923076923078,2025-02-01,21522.36,19994.48,392.0,21.0,0.18637619047619047,0.047619047619047616,19995.71666666667,358.6666666666667,2,14
2025-03,Anesthesia,8883.74,177,9,0.2313888888888889,0.1111111111111111,2025-03-01,27594.26,21522.36,508.0,26.0,0.18265769230769233,0.23076923076923078,23037.033333333336,419.6666666666667,3,15
2025-04,Anesthesia,18556.66,356,18,0.20445,0.2777777777777778,2025-04-01,8883.74,27594.26,177.0,9.0,0.2313888888888889,0.1111111111111111,19333.453333333335,359.0,4,16
2025-05,Anesthesia,18369.76,334,15,0.16805333333333333,0.2,2025-05-01,18556.66,8883.74,356.0,18.0,0.20445,0.2777777777777778,18344.88666666667,347.0,5,17
2025-06,Anesthesia,16709.04,298,15,0.17728000000000002,0.13333333333333333,2025-06-01,18369.76,18556.66,334.0,15.0,0.16805333333333333,0.2,15270.053333333335,289.0,6,18
2025-07,Anesthesia,20578.84,354,18,0.18042222222222223,0.16666666666666666,2025-07-01,16709.04,18369.76,298.0,15.0,0.17728000000000002,0.13333333333333333,17878.486666666668,329.3333333333333,7,19
2025-08,Anesthesia,20589.68,374,21,0.18228095238095238,0.047619047619047616,2025-08-01,20578.84,16709.04,354.0,18.0,0.18042222222222223,0.16666666666666666,18552.546666666665,328.6666666666667,8,20
2025-09,Anesthesia,17353.86,324,21,0.18206190476190476,0.3333333333333333,2025-09-01,20589.68,20578.84,374.0,21.0,0.18228095238095238,0.047619047619047616,19292.52,342.0,9,21
2025-10,Anesthesia,15949.18,313,19,0.24802105263157898,0.2631578947368421,2025-10-01,17353.86,20589.68,324.0,21.0,0.18206190476190476,0.3333333333333333,19507.460000000003,350.6666666666667,10,22
2025-11,Anesthesia,17109.76,327,18,0.23559444444444447,0.2222222222222222,2025-11-01,15949.18,17353.86,313.0,19.0,0.24802105263157898,0.2631578947368421,17964.24,337.0,11,23
2025-12,Anesthesia,9928.25,177,11,0.18115454545454546,0.18181818181818182,2025-12-01,17109.76,15949.18,327.0,18.0,0.23559444444444447,0.2222222222222222,16804.266666666666,321.3333333333333,12,24
2024-01,Anti-inflammatory,12026.31,261,12,0.206025,0.16666666666666666,2024-01-01,,,,,,,,,1,1
2024-02,Anti-inflammatory,13713.74,316,15,0.19934666666666667,0.2,2024-02-01,12026.31,,261.0,12.0,0.206025,0.16666666666666666,12026.31,261.0,2,2
2024-03,Anti-inflammatory,17645.89,392,17,0.17230588235294117,0.11764705882352941,2024-03-01,13713.74,12026.31,316.0,15.0,0.19934666666666667,0.2,12870.025,288.5,3,3
2024-04,Anti-inflammatory,12145.4,277,13,0.21316923076923075,0.3076923076923077,2024-04-01,17645.89,13713.74,392.0,17.0,0.17230588235294117,0.11764705882352941,14461.980000000001,323.0,4,4
2024-05,Anti-inflammatory,19769.9,457,20,0.183675,0.05,2024-05-01,12145.4,17645.89,277.0,13.0,0.21316923076923075,0.3076923076923077,14501.676666666666,328.3333333333333,5,5
2024-06,Anti-inflammatory,7727.6900000000005,172,9,0.1985888888888889,0.1111111111111111,2024-06-01,19769.9,12145.4,457.0,20.0,0.183675,0.05,16520.396666666667,375.3333333333333,6,6
2024-07,Anti-inflammatory,14272.36,340,16,0.1814625,0.0,2024-07-01,7727.6900000000005,19769.9,172.0,9.0,0.1985888888888889,0.1111111111111111,13214.33,302.0,7,7
2024-08,Anti-inflammatory,14320.119999999999,337,17,0.19832941176470587,0.29411764705882354,2024-08-01,14272.36,7727.6900000000005,340.0,16.0,0.1814625,0.0,13923.316666666666,323.0,8,8
2024-09,Anti-inflammatory,14561.46,333,19,0.22702105263157893,0.21052631578947367,2024-09-01,14320.119999999999,14272.36,337.0,17.0,0.19832941176470587,0.29411764705882354,12106.723333333333,283.0,9,9
2024-10,Anti-inflammatory,10556.53,245,13,0.20753846153846153,0.15384615384615385,2024-10-01,14561.46,14320.119999999999,333.0,19.0,0.22702105263157893,0.21052631578947367,14384.646666666666,336.6666666666667,10,10
2024-11,Anti-inflammatory,11644.96,254,15,0.14013333333333333,0.06666666666666667,2024-11-01,10556.53,14561.46,245.0,13.0,0.20753846153846153,0.15384615384615385,13146.036666666665,305.0,11,11
2024-12,Anti-inflammatory,9731.55,218,12,0.17900000000000002,0.0,2024-12-01,11644.96,10556.53,254.0,15.0,0.14013333333333333,0.06666666666666667,12254.316666666666,277.3333333333333,12,12
2025-01,Anti-inflammatory,16044.77,370,17,0.1966470588235294,0.11764705882352941,2025-01-01,9731.55,11644.96,218.0,12.0,0.17900000000000002,0.0,10644.346666666666,239.0,1,13
2025-02,Anti-inflammatory,19758.97,450,20,0.175025,0.15,2025-02-01,16044.77,9731.55,370.0,17.0,0.1966470588235294,0.11764705882352941,12473.76,280.6666666666667,2,14
2025-03,Anti-inflammatory,18360.88,439,18,0.21287777777777778,0.3333333333333333,2025-03-01,19758.97,16044.77,450.0,20.0,0.175025,0.15,15178.429999999998,346.0,3,15
2025-04,Anti-inflammatory,8093.83,187,8,0.197125,0.125,2025-04-01,18360.88,19758.97,439.0,18.0,0.21287777777777778,0.3333333333333333,18054.873333333333,419.6666666666667,4,16
2025-05,Anti-inflammatory,18668.350000000002,409,17,0.18804117647058824,0.0,2025-05-01,8093.83,18360.88,187.0,8.0,0.197125,0.125,15404.56,358.6666666666667,5,17
2025-06,Anti-inflammatory,23500.45,559,24,0.19762083333333333,0.08333333333333333,2025-06-01,18668.350000000002,8093.83,409.0,17.0,0.18804117647058824,0.0,15041.019999999999,345.0,6,18
2025-07,Anti-inflammatory,18090.46,401,21,0.15263809523809524,0.09523809523809523,2025-07-01,23500.45,18668.350000000002,559.0,24.0,0.19762083333333333,0.08333333333333333,16754.21,385.0,7,19
2025-08,Anti-inflammatory,10819.09,246,13,0.1956923076923077,0.23076923076923078,2025-08-01,18090.46,23500.45,401.0,21.0,0.15263809523809524,0.09523809523809523,20086.42,456.3333333333333,8,20
2025-09,Anti-inflammatory,15164.53,351,18,0.18685555555555555,0.16666666666666666,2025-09-01,10819.09,18090.46,246.0,13.0,0.1956923076923077,0.23076923076923078,17470.0,402.0,9,21
2025-10,Anti-inflammatory,13630.01,320,19,0.2249736842105263,0.15789473684210525,2025-10-01,15164.53,10819.09,351.0,18.0,0.18685555555555555,0.16666666666666666,14691.359999999999,332.6666666666667,10,22
2025-11,Anti-inflammatory,13508.34,297,17,0.16844117647058823,0.058823529411764705,2025-11-01,13630.01,15164.53,320.0,19.0,0.2249736842105263,0.15789473684210525,13204.543333333333,305.6666666666667,11,23
2025-12,Anti-inflammatory,10199.99,225,13,0.16056153846153845,0.07692307692307693,2025-12-01,13508.34,13630.01,297.0,17.0,0.16844117647058823,0.058823529411764705,14100.96,322.6666666666667,12,24
2024-01,Anti-malarial,54037.83,833,21,0.17463809523809526,0.047619047619047616,2024-01-01,,,,,,,,,1,1
2024-02,Anti-malarial,104494.12,1700,37,0.1714081081081081,0.10810810810810811,2024-02-01,54037.83,,833.0,21.0,0.17463809523809526,0.047619047619047616,54037.83,833.0,2,2
2024-03,Anti-malarial,61063.54,982,20,0.197605,0.1,2024-03-01,104494.12,54037.83,1700.0,37.0,0.1714081081081081,0.10810810810810811,79265.975,1266.5,3,3
2024-04,Anti-malarial,81281.99,1303,26,0.18051153846153845,0.23076923076923078,2024-04-01,61063.54,104494.12,982.0,20.0,0.197605,0.1,73198.49666666666,1171.6666666666667,4,4
2024-05,Anti-malarial,82046.55,1276,27,0.17265925925925926,0.1111111111111111,2024-05-01,81281.99,61063.54,1303.0,26.0,0.18051153846153845,0.23076923076923078,82279.88333333333,1328.3333333333333,5,5
2024-06,Anti-malarial,77298.86,1226,27,0.1799037037037037,0.07407407407407407,2024-06-01,82046.55,81281.99,1276.0,27.0,0.17265925925925926,0.1111111111111111,74797.36,1187.0,6,6
2024-07,Anti-malarial,82463.58,1342,27,0.20228148148148148,0.1111111111111111,2024-07-01,77298.86,82046.55,1226.0,27.0,0.1799037037037037,0.07407407407407407,80209.13333333335,1268.3333333333333,7,7
2024-08,Anti-malarial,122561.29,1983,43,0.18569534883720928,0.09302325581395349,2024-08-01,82463.58,77298.86,1342.0,27.0,0.20228148148148148,0.1111111111111111,80602.99666666666,1281.3333333333333,8,8
2024-09,Anti-malarial,106482.51,1704,35,0.18730571428571427,0.2571428571428571,2024-09-01,122561.29,82463.58,1983.0,43.0,0.18569534883720928,0.09302325581395349,94107.90999999999,1517.0,9,9
2024-10,Anti-malarial,106684.43,1764,36,0.19522222222222224,0.16666666666666666,2024-10-01,106482.51,122561.29,1704.0,35.0,0.18730571428571427,0.2571428571428571,103835.79333333333,1676.3333333333333,10,10
2024-11,Anti-malarial,124815.68000000001,2026,39,0.18446923076923077,0.10256410256410256,2024-11-01,106684.43,106482.51,1764.0,36.0,0.19522222222222224,0.16666666666666666,111909.40999999999,1817.0,11,11
2024-12,Anti-malarial,90658.74,1476,30,0.19135333333333332,0.1,2024-12-01,124815.68000000001,106684.43,2026.0,39.0,0.18446923076923077,0.10256410256410256,112660.87333333334,1831.3333333333333,12,12
2025-01,Anti-malarial,147128.3,2334,40,0.183225,0.125,2025-01-01,90658.74,124815.68000000001,1476.0,30.0,0.19135333333333332,0.1,107386.28333333333,1755.3333333333333,1,13
2025-02,Anti-malarial,92573.37,1523,26,0.19694615384615383,0.11538461538461539,2025-02-01,147128.3,90658.74,2334.0,40.0,0.183225,0.125,120867.57333333332,1945.3333333333333,2,14
2025-03,Anti-malarial,127125.49,2039,31,0.1777483870967742,0.12903225806451613,2025-03-01,92573.37,147128.3,1523.0,26.0,0.19694615384615383,0.11538461538461539,110120.13666666666,1777.6666666666667,3,15
2025-04,Anti-malarial,145302.84,2410,35,0.21391142857142859,0.2571428571428571,2025-04-01,127125.49,92573.37,2039.0,31.0,0.1777483870967742,0.12903225806451613,122275.71999999999,1965.3333333333333,4,16
2025-05,Anti-malarial,132205.06,2181,31,0.21341290322580644,0.22580645161290322,2025-05-01,145302.84,127125.49,2410.0,35.0,0.21391142857142859,0.2571428571428571,121667.23333333334,1990.6666666666667,5,17
2025-06,Anti-malarial,116780.31999999999,1873,30,0.17614333333333335,0.1,2025-06-01,132205.06,145302.84,2181.0,31.0,0.21341290322580644,0.22580645161290322,134877.79666666666,2210.0,6,18
2025-07,Anti-malarial,161022.42,2513,39,0.1684025641025641,0.07692307692307693,2025-07-01,116780.31999999999,132205.06,1873.0,30.0,0.17614333333333335,0.1,131429.40666666668,2154.6666666666665,7,19
2025-08,Anti-malarial,76499.37,1254,22,0.19898636363636363,0.045454545454545456,2025-08-01,161022.42,116780.31999999999,2513.0,39.0,0.1684025641025641,0.07692307692307693,136669.26666666666,2189.0,8,20
2025-09,Anti-malarial,95504.08,1571,27,0.2048148148148148,0.2222222222222222,2025-09-01,76499.37,161022.42,1254.0,22.0,0.19898636363636363,0.045454545454545456,118100.70333333332,1880.0,9,21
2025-10,Anti-malarial,95993.91,1533,26,0.17849615384615386,0.15384615384615385,2025-10-01,95504.08,76499.37,1571.0,27.0,0.2048148148148148,0.2222222222222222,111008.62333333334,1779.3333333333333,10,22
2025-11,Anti-malarial,96945.94,1569,27,0.1888888888888889,0.1111111111111111,2025-11-01,95993.91,95504.08,1533.0,26.0,0.17849615384615386,0.15384615384615385,89332.45333333332,1452.6666666666667,11,23
2025-12,Anti-malarial,165982.38,2670,42,0.1991452380952381,0.09523809523809523,2025-12-01,96945.94,95993.91,1569.0,27.0,0.1888888888888889,0.1111111111111111,96147.97666666667,1557.6666666666667,12,24
2024-01,Anti-tubercular,14646.9,299,15,0.19476666666666667,0.2,2024-01-01,,,,,,,,,1,1
2024-02,Anti-tubercular,16284.51,325,16,0.1577,0.25,2024-02-01,14646.9,,299.0,15.0,0.19476666666666667,0.2,14646.9,299.0,2,2
2024-03,Anti-tubercular,20734.93,448,20,0.186755,0.5,2024-03-01,16284.51,14646.9,325.0,16.0,0.1577,0.25,15465.705,312.0,3,3
2024-04,Anti-tubercular,24271.32,530,22,0.20701818181818182,0.45454545454545453,2024-04-01,20734.93,16284.51,448.0,20.0,0.186755,0.5,17222.11333333333,357.3333333333333,4,4
2024-05,Anti-tubercular,32146.0,688,28,0.20732857142857145,0.2857142857142857,2024-05-01,24271.32,20734.93,530.0,22.0,0.20701818181818182,0.45454545454545453,20430.25333333333,434.3333333333333,5,5
2024-06,Anti-tubercular,24143.32,513,22,0.2033,0.3181818181818182,2024-06-01,32146.0,24271.32,688.0,28.0,0.20732857142857145,0.2857142857142857,25717.416666666668,555.3333333333334,6,6
2024-07,Anti-tubercular,15276.82,324,16,0.18444375000000002,0.375,2024-07-01,24143.32,32146.0,513.0,22.0,0.2033,0.3181818181818182,26853.546666666665,577.0,7,7
2024-08,Anti-tubercular,20991.9,439,23,0.18321739130434783,0.13043478260869565,2024-08-01,15276.82,24143.32,324.0,16.0,0.18444375000000002,0.375,23855.38,508.3333333333333,8,8
2024-09,Anti-tubercular,16072.08,358,22,0.21617272727272727,0.3181818181818182,2024-09-01,20991.9,15276.82,439.0,23.0,0.18321739130434783,0.13043478260869565,20137.346666666668,425.3333333333333,9,9
2024-10,Anti-tubercular,17981.8,398,20,0.222555,0.35,2024-10-01,16072.08,20991.9,358.0,22.0,0.21617272727272727,0.3181818181818182,17446.93333333333,373.6666666666667,10,10
2024-11,Anti-tubercular,17888.02,377,19,0.21563157894736845,0.3684210526315789,2024-11-01,17981.8,16072.08,398.0,20.0,0.222555,0.35,18348.593333333334,398.3333333333333,11,11
2024-12,Anti-tubercular,16443.9,350,19,0.18774736842105264,0.21052631578947367,2024-12-01,17888.02,17981.8,377.0,19.0,0.21563157894736845,0.3684210526315789,17313.96666666667,377.6666666666667,12,12
2025-01,Anti-tubercular,21139.48,441,22,0.18790454545454544,0.22727272727272727,2025-01-01,16443.9,17888.02,350.0,19.0,0.18774736842105264,0.21052631578947367,17437.906666666666,375.0,1,13
2025-02,Anti-tubercular,17984.58,379,19,0.21226315789473685,0.10526315789473684,2025-02-01,21139.48,16443.9,441.0,22.0,0.18790454545454544,0.22727272727272727,18490.466666666667,389.3333333333333,2,14
2025-03,Anti-tubercular,22906.79,505,23,0.2399304347826087,0.5652173913043478,2025-03-01,17984.58,21139.48,379.0,19.0,0.21226315789473685,0.10526315789473684,18522.653333333335,390.0,3,15
2025-04,Anti-tubercular,26737.38,556,23,0.19342608695652175,0.17391304347826086,2025-04-01,22906.79,17984.58,505.0,23.0,0.2399304347826087,0.5652173913043478,20676.95,441.6666666666667,4,16
2025-05,Anti-tubercular,22785.989999999998,492,21,0.19583809523809523,0.38095238095238093,2025-05-01,26737.38,22906.79,556.0,23.0,0.19342608695652175,0.17391304347826086,22542.916666666668,480.0,5,17
2025-06,Anti-tubercular,19606.16,399,18,0.1807,0.2222222222222222,2025-06-01,22785.989999999998,26737.38,492.0,21.0,0.19583809523809523,0.38095238095238093,24143.38666666667,517.6666666666666,6,18
2025-07,Anti-tubercular,21585.27,457,24,0.20095833333333335,0.2916666666666667,2025-07-01,19606.16,22785.989999999998,399.0,18.0,0.1807,0.2222222222222222,23043.176666666666,482.3333333333333,7,19
2025-08,Anti-tubercular,14314.85,305,15,0.17915333333333333,0.4,2025-08-01,21585.27,19606.16,457.0,24.0,0.20095833333333335,0.2916666666666667,21325.806666666667,449.3333333333333,8,20
2025-09,Anti-tubercular,8622.630000000001,166,9,0.13353333333333334,0.3333333333333333,2025-09-01,14314.85,21585.27,305.0,15.0,0.17915333333333333,0.4,18502.093333333334,387.0,9,21
2025-10,Anti-tubercular,5364.41,109,8,0.1470375,0.125,2025-10-01,8622.630000000001,14314.85,166.0,9.0,0.13353333333333334,0.3333333333333333,14840.916666666666,309.3333333333333,10,22
2025-11,Anti-tubercular,7800.05,169,12,0.19709166666666667,0.16666666666666666,2025-11-01,5364.41,8622.630000000001,109.0,8.0,0.1470375,0.125,9433.963333333333,193.33333333333334,11,23
2025-12,Anti-tubercular,19304.44,416,25,0.204524,0.36,2025-12-01,7800.05,5364.41,169.0,12.0,0.19709166666666667,0.16666666666666666,7262.363333333334,148.0,12,24
2024-01,Antibiotics,1224.41,26,3,0.16690000000000002,0.0,2024-01-01,,,,,,,,,1,1
2024-02,Antibiotics,1484.1599999999999,34,3,0.13673333333333335,0.0,2024-02-01,1224.41,,26.0,3.0,0.16690000000000002,0.0,1224.41,26.0,2,2
2024-03,Antibiotics,1494.76,35,4,0.210275,0.25,2024-03-01,1484.1599999999999,1224.41,34.0,3.0,0.13673333333333335,0.0,1354.2849999999999,30.0,3,3
2024-04,Antibiotics,3057.78,75,7,0.23770000000000002,0.14285714285714285,2024-04-01,1494.76,1484.1599999999999,35.0,4.0,0.210275,0.25,1401.11,31.666666666666668,4,4
2024-05,Antibiotics,390.91,9,1,0.1054,0.0,2024-05-01,3057.78,1494.76,75.0,7.0,0.23770000000000002,0.14285714285714285,2012.2333333333336,48.0,5,5
2024-06,Antibiotics,1576.15,42,3,0.23686666666666664,0.0,2024-06-01,390.91,3057.78,9.0,1.0,0.1054,0.0,1647.8166666666668,39.666666666666664,6,6
2024-09,Antibiotics,2162.61,47,5,0.14722,0.0,2024-09-01,1576.15,390.91,42.0,3.0,0.23686666666666664,0.0,1674.9466666666667,42.0,9,9
2024-10,Antibiotics,37.93,1,1,0.1658,0.0,2024-10-01,2162.61,1576.15,47.0,5.0,0.14722,0.0,1376.5566666666666,32.666666666666664,10,10
2024-11,Antibiotics,2364.64,53,5,0.16162,0.2,2024-11-01,37.93,2162.61,1.0,1.0,0.1658,0.0,1258.8966666666668,30.0,11,11
2024-12,Antibiotics,1628.03,39,4,0.16365000000000002,0.0,2024-12-01,2364.64,37.93,53.0,5.0,0.16162,0.2,1521.7266666666667,33.666666666666664,12,12
2025-01,Antibiotics,537.47,14,2,0.21615,0.5,2025-01-01,1628.03,2364.64,39.0,4.0,0.16365000000000002,0.0,1343.5333333333335,31.0,1,13
2025-02,Antibiotics,1502.7,37,3,0.20903333333333332,0.0,2025-02-01,537.47,1628.03,14.0,2.0,0.21615,0.5,1510.0466666666669,35.333333333333336,2,14
2025-03,Antibiotics,888.36,19,2,0.11380000000000001,0.0,2025-03-01,1502.7,537.47,37.0,3.0,0.20903333333333332,0.0,1222.7333333333336,30.0,3,15
2025-04,Antibiotics,2671.5099999999998,63,6,0.1963,0.0,2025-04-01,888.36,1502.7,19.0,2.0,0.11380000000000001,0.0,976.1766666666668,23.333333333333332,4,16
2025-05,Antibiotics,1558.1599999999999,40,2,0.17420000000000002,0.0,2025-05-01,2671.5099999999998,888.36,63.0,6.0,0.1963,0.0,1687.5233333333333,39.666666666666664,5,17
2025-06,Antibiotics,1968.9,46,4,0.1378,0.0,2025-06-01,1558.1599999999999,2671.5099999999998,40.0,2.0,0.17420000000000002,0.0,1706.0100000000002,40.666666666666664,6,18
2025-07,Antibiotics,2146.88,47,3,0.11026666666666667,0.0,2025-07-01,1968.9,1558.1599999999999,46.0,4.0,0.1378,0.0,2066.19,49.666666666666664,7,19
2025-08,Antibiotics,1976.04,44,4,0.113625,0.25,2025-08-01,2146.88,1968.9,47.0,3.0,0.11026666666666667,0.0,1891.3133333333335,44.333333333333336,8,20
2025-09,Antibiotics,1925.6,52,6,0.28145000000000003,0.5,2025-09-01,1976.04,2146.88,44.0,4.0,0.113625,0.25,2030.6066666666668,45.666666666666664,9,21
2025-10,Antibiotics,2244.86,54,5,0.1789,0.0,2025-10-01,1925.6,1976.04,52.0,6.0,0.28145000000000003,0.5,2016.1733333333334,47.666666666666664,10,22
2025-11,Antibiotics,612.83,16,2,0.24335,0.0,2025-11-01,2244.86,1925.6,54.0,5.0,0.1789,0.0,2048.8333333333335,50.0,11,23
2025-12,Antibiotics,1464.94,38,5,0.23178,0.0,2025-12-01,612.83,2244.86,16.0,2.0,0.24335,0.0,1594.4300000000003,40.666666666666664,12,24
2024-01,Anticoagulants,101244.64,1045,36,0.19787777777777776,0.2222222222222222,2024-01-01,,,,,,,,,1,1
2024-02,Anticoagulants,90399.36,947,31,0.19759032258064516,0.1935483870967742,2024-02-01,101244.64,,1045.0,36.0,0.19787777777777776,0.2222222222222222,101244.64,1045.0,2,2
2024-03,Anticoagulants,110712.17,1104,34,0.17326176470588237,0.23529411764705882,2024-03-01,90399.36,101244.64,947.0,31.0,0.19759032258064516,0.1935483870967742,95822.0,996.0,3,3
2024-04,Anticoagulants,95280.03,983,27,0.2091037037037037,0.37037037037037035,2024-04-01,110712.17,90399.36,1104.0,34.0,0.17326176470588237,0.23529411764705882,100785.39,1032.0,4,4
2024-05,Anticoagulants,100134.98,997,28,0.18465357142857144,0.25,2024-05-01,95280.03,110712.17,983.0,27.0,0.2091037037037037,0.37037037037037035,98797.18666666666,1011.3333333333334,5,5
2024-06,Anticoagulants,99884.35,973,29,0.1691551724137931,0.034482758620689655,2024-06-01,100134.98,95280.03,997.0,28.0,0.18465357142857144,0.25,102042.39333333333,1028.0,6,6
2024-07,Anticoagulants,65918.13,651,20,0.185775,0.05,2024-07-01,99884.35,100134.98,973.0,29.0,0.1691551724137931,0.034482758620689655,98433.12,984.3333333333334,7,7
2024-08,Anticoagulants,79749.34,805,26,0.2021423076923077,0.15384615384615385,2024-08-01,65918.13,99884.35,651.0,20.0,0.185775,0.05,88645.81999999999,873.6666666666666,8,8
2024-09,Anticoagulants,87522.35,854,27,0.1784074074074074,0.07407407407407407,2024-09-01,79749.34,65918.13,805.0,26.0,0.2021423076923077,0.15384615384615385,81850.60666666667,809.6666666666666,9,9
2024-10,Anticoagulants,77417.68,806,26,0.19744615384615385,0.19230769230769232,2024-10-01,87522.35,79749.34,854.0,27.0,0.1784074074074074,0.07407407407407407,77729.94,770.0,10,10
2024-11,Anticoagulants,112753.75,1103,33,0.19202424242424243,0.06060606060606061,2024-11-01,77417.68,87522.35,806.0,26.0,0.19744615384615385,0.19230769230769232,81563.12333333334,821.6666666666666,11,11
2024-12,Anticoagulants,103196.39,1045,33,0.1736090909090909,0.24242424242424243,2024-12-01,112753.75,77417.68,1103.0,33.0,0.19202424242424243,0.06060606060606061,92564.59333333334,921.0,12,12
2025-01,Anticoagulants,80686.45,796,22,0.18677272727272728,0.13636363636363635,2025-01-01,103196.39,112753.75,1045.0,33.0,0.1736090909090909,0.24242424242424243,97789.27333333333,984.6666666666666,1,13
2025-02,Anticoagulants,97313.58,988,26,0.19698461538461537,0.07692307692307693,2025-02-01,80686.45,103196.39,796.0,22.0,0.18677272727272728,0.13636363636363635,98878.86333333333,981.3333333333334,2,14
2025-03,Anticoagulants,146747.41,1513,40,0.2087225,0.25,2025-03-01,97313.58,80686.45,988.0,26.0,0.19698461538461537,0.07692307692307693,93732.14,943.0,3,15
2025-04,Anticoagulants,150298.3,1549,36,0.19274444444444444,0.2777777777777778,2025-04-01,146747.41,97313.58,1513.0,40.0,0.2087225,0.25,108249.14666666667,1099.0,4,16
2025-05,Anticoagulants,116099.63,1135,28,0.16494285714285714,0.07142857142857142,2025-05-01,150298.3,146747.41,1549.0,36.0,0.19274444444444444,0.2777777777777778,131453.09666666668,1350.0,5,17
2025-06,Anticoagulants,129700.21,1268,30,0.17823333333333333,0.1,2025-06-01,116099.63,150298.3,1135.0,28.0,0.16494285714285714,0.07142857142857142,137715.1133333333,1399.0,6,18
2025-07,Anticoagulants,157140.06,1586,41,0.16763658536585366,0.21951219512195122,2025-07-01,129700.21,116099.63,1268.0,30.0,0.17823333333333333,0.1,132032.71333333335,1317.3333333333333,7,19
2025-08,Anticoagulants,104255.71,1046,28,0.16711071428571428,0.14285714285714285,2025-08-01,157140.06,129700.21,1586.0,41.0,0.16763658536585366,0.21951219512195122,134313.30000000002,1329.6666666666667,8,20
2025-09,Anticoagulants,67077.56,713,19,0.19269473684210525,0.3157894736842105,2025-09-01,104255.71,157140.06,1046.0,28.0,0.16711071428571428,0.14285714285714285,130365.32666666668,1300.0,9,21
2025-10,Anticoagulants,121412.3,1231,34,0.19258529411764708,0.20588235294117646,2025-10-01,67077.56,104255.71,713.0,19.0,0.19269473684210525,0.3157894736842105,109491.11,1115.0,10,22
2025-11,Anticoagulants,117540.66,1216,30,0.22912666666666667,0.16666666666666666,2025-11-01,121412.3,67077.56,1231.0,34.0,0.19258529411764708,0.20588235294117646,97581.85666666667,996.6666666666666,11,23
2025-12,Anticoagulants,118155.92,1154,29,0.16188275862068965,0.06896551724137931,2025-12-01,117540.66,121412.3,1216.0,30.0,0.22912666666666667,0.16666666666666666,102010.17333333334,1053.3333333333333,12,24
2024-01,Antidiabetics,12627.24,275,9,0.17996666666666666,0.1111111111111111,2024-01-01,,,,,,,,,1,1
2024-02,Antidiabetics,14901.14,318,11,0.17706363636363637,0.0,2024-02-01,12627.24,,275.0,9.0,0.17996666666666666,0.1111111111111111,12627.24,275.0,2,2
2024-03,Antidiabetics,19515.6,428,14,0.1978642857142857,0.0,2024-03-01,14901.14,12627.24,318.0,11.0,0.17706363636363637,0.0,13764.189999999999,296.5,3,3
2024-04,Antidiabetics,17945.41,394,13,0.20924615384615386,0.38461538461538464,2024-04-01,19515.6,14901.14,428.0,14.0,0.1978642857142857,0.0,15681.326666666666,340.3333333333333,4,4
2024-05,Antidiabetics,24481.760000000002,502,16,0.17366875,0.0625,2024-05-01,17945.41,19515.6,394.0,13.0,0.20924615384615386,0.38461538461538464,17454.05,380.0,5,5
2024-06,Antidiabetics,18142.39,396,14,0.2252214285714286,0.21428571428571427,2024-06-01,24481.760000000002,17945.41,502.0,16.0,0.17366875,0.0625,20647.59,441.3333333333333,6,6
2024-07,Antidiabetics,24306.3,519,17,0.18411764705882352,0.23529411764705882,2024-07-01,18142.39,24481.760000000002,396.0,14.0,0.2252214285714286,0.21428571428571427,20189.853333333333,430.6666666666667,7,7
2024-08,Antidiabetics,22323.9,452,16,0.15560625,0.125,2024-08-01,24306.3,18142.39,519.0,17.0,0.18411764705882352,0.23529411764705882,22310.149999999998,472.3333333333333,8,8
2024-09,Antidiabetics,25111.41,528,18,0.17628888888888888,0.2222222222222222,2024-09-01,22323.9,24306.3,452.0,16.0,0.15560625,0.125,21590.863333333335,455.6666666666667,9,9
2024-10,Antidiabetics,18122.09,410,14,0.21806428571428574,0.14285714285714285,2024-10-01,25111.41,22323.9,528.0,18.0,0.17628888888888888,0.2222222222222222,23913.87,499.6666666666667,10,10
2024-11,Antidiabetics,19785.5,411,15,0.16562666666666667,0.13333333333333333,2024-11-01,18122.09,25111.41,410.0,14.0,0.21806428571428574,0.14285714285714285,21852.466666666664,463.3333333333333,11,11
2024-12,Antidiabetics,27525.98,604,18,0.1894611111111111,0.05555555555555555,2024-12-01,19785.5,18122.09,411.0,15.0,0.16562666666666667,0.13333333333333333,21006.333333333332,449.6666666666667,12,12
2025-01,Antidiabetics,17892.13,409,14,0.18995,0.07142857142857142,2025-01-01,27525.98,19785.5,604.0,18.0,0.1894611111111111,0.05555555555555555,21811.19,475.0,1,13
2025-02,Antidiabetics,14629.19,300,9,0.14753333333333335,0.1111111111111111,2025-02-01,17892.13,27525.98,409.0,14.0,0.18995,0.07142857142857142,21734.536666666667,474.6666666666667,2,14
2025-03,Antidiabetics,23874.45,513,14,0.18457857142857143,0.14285714285714285,2025-03-01,14629.19,17892.13,300.0,9.0,0.14753333333333335,0.1111111111111111,20015.766666666666,437.6666666666667,3,15
2025-04,Antidiabetics,29227.03,628,18,0.19282222222222223,0.1111111111111111,2025-04-01,23874.45,14629.19,513.0,14.0,0.18457857142857143,0.14285714285714285,18798.59,407.3333333333333,4,16
2025-05,Antidiabetics,21335.8,483,12,0.232025,0.3333333333333333,2025-05-01,29227.03,23874.45,628.0,18.0,0.19282222222222223,0.1111111111111111,22576.89,480.3333333333333,5,17
2025-06,Antidiabetics,31318.420000000002,632,18,0.17311666666666667,0.1111111111111111,2025-06-01,21335.8,29227.03,483.0,12.0,0.232025,0.3333333333333333,24812.426666666666,541.3333333333334,6,18
2025-07,Antidiabetics,27436.12,589,18,0.18353333333333335,0.16666666666666666,2025-07-01,31318.420000000002,21335.8,632.0,18.0,0.17311666666666667,0.1111111111111111,27293.75,581.0,7,19
2025-08,Antidiabetics,21909.82,433,14,0.16643571428571427,0.07142857142857142,2025-08-01,27436.12,31318.420000000002,589.0,18.0,0.18353333333333335,0.16666666666666666,26696.78,568.0,8,20
2025-09,Antidiabetics,15035.37,316,12,0.20050833333333332,0.16666666666666666,2025-09-01,21909.82,27436.12,433.0,14.0,0.16643571428571427,0.07142857142857142,26888.119999999995,551.3333333333334,9,21
2025-10,Antidiabetics,11691.08,266,9,0.2243222222222222,0.1111111111111111,2025-10-01,15035.37,21909.82,316.0,12.0,0.20050833333333332,0.16666666666666666,21460.436666666665,446.0,10,22
2025-11,Antidiabetics,19498.31,426,15,0.19149333333333332,0.13333333333333333,2025-11-01,11691.08,15035.37,266.0,9.0,0.2243222222222222,0.1111111111111111,16212.090000000002,338.3333333333333,11,23
2025-12,Antidiabetics,23390.13,517,16,0.201025,0.25,2025-12-01,19498.31,11691.08,426.0,15.0,0.19149333333333332,0.13333333333333333,15408.253333333332,336.0,12,24
2024-01,Antifungals,33791.45,535,18,0.17073888888888888,0.1111111111111111,2024-01-01,,,,,,,,,1,1
2024-02,Antifungals,30753.870000000003,463,16,0.1715875,0.0625,2024-02-01,33791.45,,535.0,18.0,0.17073888888888888,0.1111111111111111,33791.45,535.0,2,2
2024-03,Antifungals,29855.52,469,14,0.2063357142857143,0.14285714285714285,2024-03-01,30753.870000000003,33791.45,463.0,16.0,0.1715875,0.0625,32272.66,499.0,3,3
2024-04,Antifungals,34449.76,569,16,0.19065,0.25,2024-04-01,29855.52,30753.870000000003,469.0,14.0,0.2063357142857143,0.14285714285714285,31466.946666666667,489.0,4,4
2024-05,Antifungals,44260.45,740,22,0.21966818181818182,0.09090909090909091,2024-05-01,34449.76,29855.52,569.0,16.0,0.19065,0.25,31686.383333333335,500.3333333333333,5,5
2024-06,Antifungals,34151.49,556,17,0.17989411764705882,0.17647058823529413,2024-06-01,44260.45,34449.76,740.0,22.0,0.21966818181818182,0.09090909090909091,36188.57666666667,592.6666666666666,6,6
2024-07,Antifungals,37155.99,576,19,0.15985263157894736,0.10526315789473684,2024-07-01,34151.49,44260.45,556.0,17.0,0.17989411764705882,0.17647058823529413,37620.566666666666,621.6666666666666,7,7
2024-08,Antifungals,49030.22,799,28,0.20090357142857143,0.14285714285714285,2024-08-01,37155.99,34151.49,576.0,19.0,0.15985263157894736,0.10526315789473684,38522.64333333333,624.0,8,8
2024-09,Antifungals,25307.81,401,15,0.1807733333333333,0.06666666666666667,2024-09-01,49030.22,37155.99,799.0,28.0,0.20090357142857143,0.14285714285714285,40112.56666666667,643.6666666666666,9,9
2024-10,Antifungals,20091.41,320,13,0.1815923076923077,0.23076923076923078,2024-10-01,25307.81,49030.22,401.0,15.0,0.1807733333333333,0.06666666666666667,37164.67333333334,592.0,10,10
2024-11,Antifungals,33807.98,549,18,0.21908333333333332,0.16666666666666666,2024-11-01,20091.41,25307.81,320.0,13.0,0.1815923076923077,0.23076923076923078,31476.48,506.6666666666667,11,11
2024-12,Antifungals,22909.72,344,13,0.15156923076923076,0.23076923076923078,2024-12-01,33807.98,20091.41,549.0,18.0,0.21908333333333332,0.16666666666666666,26402.400000000005,423.3333333333333,12,12
2025-01,Antifungals,48222.57,731,25,0.174132,0.2,2025-01-01,22909.72,33807.98,344.0,13.0,0.15156923076923076,0.23076923076923078,25603.03666666667,404.3333333333333,1,13
2025-02,Antifungals,34643.81,549,18,0.1794611111111111,0.05555555555555555,2025-02-01,48222.57,22909.72,731.0,25.0,0.174132,0.2,34980.090000000004,541.3333333333334,2,14
2025-03,Antifungals,15933.18,262,8,0.2048375,0.375,2025-03-01,34643.81,48222.57,549.0,18.0,0.1794611111111111,0.05555555555555555,35258.700000000004,541.3333333333334,3,15
2025-04,Antifungals,37372.3,619,19,0.204,0.15789473684210525,2025-04-01,15933.18,34643.81,262.0,8.0,0.2048375,0.375,32933.18666666667,514.0,4,16
2025-05,Antifungals,26978.29,419,12,0.154075,0.0,2025-05-01,37372.3,15933.18,619.0,19.0,0.204,0.15789473684210525,29316.430000000004,476.6666666666667,5,17
2025-06,Antifungals,49604.26,751,21,0.1468952380952381,0.047619047619047616,2025-06-01,26978.29,37372.3,419.0,12.0,0.154075,0.0,26761.25666666667,433.3333333333333,6,18
2025-07,Antifungals,35765.21,574,16,0.20081875000000002,0.125,2025-07-01,49604.26,26978.29,751.0,21.0,0.1468952380952381,0.047619047619047616,37984.950000000004,596.3333333333334,7,19
2025-08,Antifungals,19345.010000000002,328,12,0.22713333333333333,0.25,2025-08-01,35765.21,49604.26,574.0,16.0,0.20081875000000002,0.125,37449.253333333334,581.3333333333334,8,20
2025-09,Antifungals,29519.32,473,16,0.17820625,0.125,2025-09-01,19345.010000000002,35765.21,328.0,12.0,0.22713333333333333,0.25,34904.82666666667,551.0,9,21
2025-10,Antifungals,24267.649999999998,398,15,0.22291333333333335,0.06666666666666667,2025-10-01,29519.32,19345.010000000002,473.0,16.0,0.17820625,0.125,28209.846666666668,458.3333333333333,10,22
2025-11,Antifungals,27030.89,413,15,0.19874,0.26666666666666666,2025-11-01,24267.649999999998,29519.32,398.0,15.0,0.22291333333333335,0.06666666666666667,24377.32666666667,399.6666666666667,11,23
2025-12,Antifungals,36889.0,602,19,0.20333684210526315,0.15789473684210525,2025-12-01,27030.89,24267.649999999998,413.0,15.0,0.19874,0.26666666666666666,26939.286666666667,428.0,12,24
2024-01,Antihistamines,61548.21,702,20,0.190645,0.15,2024-01-01,,,,,,,,,1,1
2024-02,Antihistamines,75258.06,803,20,0.149985,0.05,2024-02-01,61548.21,,702.0,20.0,0.190645,0.15,61548.21,702.0,2,2
2024-03,Antihistamines,132282.35,1526,33,0.20429090909090908,0.2727272727272727,2024-03-01,75258.06,61548.21,803.0,20.0,0.149985,0.05,68403.135,752.5,3,3
2024-04,Antihistamines,118616.38,1371,29,0.1745793103448276,0.10344827586206896,2024-04-01,132282.35,75258.06,1526.0,33.0,0.20429090909090908,0.2727272727272727,89696.20666666667,1010.3333333333334,4,4
2024-05,Antihistamines,126297.06,1400,30,0.16946333333333333,0.06666666666666667,2024-05-01,118616.38,132282.35,1371.0,29.0,0.1745793103448276,0.10344827586206896,108718.93000000001,1233.3333333333333,5,5
2024-06,Antihistamines,101983.74,1136,25,0.161468,0.2,2024-06-01,126297.06,118616.38,1400.0,30.0,0.16946333333333333,0.06666666666666667,125731.93000000001,1432.3333333333333,6,6
2024-07,Antihistamines,105869.45,1210,27,0.20174444444444445,0.14814814814814814,2024-07-01,101983.74,126297.06,1136.0,25.0,0.161468,0.2,115632.39333333333,1302.3333333333333,7,7
2024-08,Antihistamines,87489.01,1059,24,0.20155,0.08333333333333333,2024-08-01,105869.45,101983.74,1210.0,27.0,0.20174444444444445,0.14814814814814814,111383.41666666667,1248.6666666666667,8,8
2024-09,Antihistamines,108470.03,1239,29,0.1789689655172414,0.20689655172413793,2024-09-01,87489.01,105869.45,1059.0,24.0,0.20155,0.08333333333333333,98447.40000000001,1135.0,9,9
2024-10,Antihistamines,114345.37,1278,30,0.16727,0.16666666666666666,2024-10-01,108470.03,87489.01,1239.0,29.0,0.1789689655172414,0.20689655172413793,100609.49666666666,1169.3333333333333,10,10
2024-11,Antihistamines,126884.75,1388,31,0.17507741935483873,0.06451612903225806,2024-11-01,114345.37,108470.03,1278.0,30.0,0.16727,0.16666666666666666,103434.80333333333,1192.0,11,11
2024-12,Antihistamines,67458.51,759,16,0.16158125,0.0625,2024-12-01,126884.75,114345.37,1388.0,31.0,0.17507741935483873,0.06451612903225806,116566.71666666666,1301.6666666666667,12,12
2025-01,Antihistamines,142266.82,1667,37,0.20822432432432433,0.10810810810810811,2025-01-01,67458.51,126884.75,759.0,16.0,0.16158125,0.0625,102896.21,1141.6666666666667,1,13
2025-02,Antihistamines,129238.45,1470,28,0.19731428571428572,0.17857142857142858,2025-02-01,142266.82,67458.51,1667.0,37.0,0.20822432432432433,0.10810810810810811,112203.36,1271.3333333333333,2,14
2025-03,Antihistamines,141654.02,1667,30,0.19975333333333334,0.26666666666666666,2025-03-01,129238.45,142266.82,1470.0,28.0,0.19731428571428572,0.17857142857142858,112987.92666666668,1298.6666666666667,3,15
2025-04,Antihistamines,105301.42,1209,20,0.205315,0.1,2025-04-01,141654.02,129238.45,1667.0,30.0,0.19975333333333334,0.26666666666666666,137719.76333333334,1601.3333333333333,4,16
2025-05,Antihistamines,97658.38,1106,18,0.18092777777777777,0.1111111111111111,2025-05-01,105301.42,141654.02,1209.0,20.0,0.205315,0.1,125397.96333333332,1448.6666666666667,5,17
2025-06,Antihistamines,124739.34,1406,24,0.18775,0.20833333333333334,2025-06-01,97658.38,105301.42,1106.0,18.0,0.18092777777777777,0.1111111111111111,114871.27333333332,1327.3333333333333,6,18
2025-07,Antihistamines,146614.2,1691,31,0.19012258064516127,0.03225806451612903,2025-07-01,124739.34,97658.38,1406.0,24.0,0.18775,0.20833333333333334,109233.04666666668,1240.3333333333333,7,19
2025-08,Antihistamines,108057.1,1232,24,0.18620416666666664,0.08333333333333333,2025-08-01,146614.2,124739.34,1691.0,31.0,0.19012258064516127,0.03225806451612903,123003.97333333334,1401.0,8,20
2025-09,Antihistamines,79589.93,912,17,0.1776470588235294,0.23529411764705882,2025-09-01,108057.1,146614.2,1232.0,24.0,0.18620416666666664,0.08333333333333333,126470.21333333333,1443.0,9,21
2025-10,Antihistamines,87146.34,1037,20,0.212015,0.15,2025-10-01,79589.93,108057.1,912.0,17.0,0.1776470588235294,0.23529411764705882,111420.40999999999,1278.3333333333333,10,22
2025-11,Antihistamines,94511.64,1066,21,0.20331904761904762,0.23809523809523808,2025-11-01,87146.34,79589.93,1037.0,20.0,0.212015,0.15,91597.79,1060.3333333333333,11,23
2025-12,Antihistamines,116877.51,1355,25,0.21062,0.08,2025-12-01,94511.64,87146.34,1066.0,21.0,0.20331904761904762,0.23809523809523808,87082.63666666666,1005.0,12,24
2024-01,Antiplatelets,21653.3,403,13,0.1802846153846154,0.07692307692307693,2024-01-01,,,,,,,,,1,1
2024-02,Antiplatelets,12889.71,257,8,0.2277875,0.0,2024-02-01,21653.3,,403.0,13.0,0.1802846153846154,0.07692307692307693,21653.3,403.0,2,2
2024-03,Antiplatelets,27383.8,533,17,0.1722764705882353,0.11764705882352941,2024-03-01,12889.71,21653.3,257.0,8.0,0.2277875,0.0,17271.504999999997,330.0,3,3
2024-04,Antiplatelets,17197.239999999998,356,12,0.23356666666666667,0.25,2024-04-01,27383.8,12889.71,533.0,17.0,0.1722764705882353,0.11764705882352941,20642.27,397.6666666666667,4,4
2024-05,Antiplatelets,30194.13,585,18,0.20675555555555555,0.2222222222222222,2024-05-01,17197.239999999998,27383.8,356.0,12.0,0.23356666666666667,0.25,19156.916666666664,382.0,5,5
2024-06,Antiplatelets,16985.98,306,11,0.16674545454545456,0.36363636363636365,2024-06-01,30194.13,17197.239999999998,585.0,18.0,0.20675555555555555,0.2222222222222222,24925.056666666667,491.3333333333333,6,6
2024-07,Antiplatelets,24559.28,457,16,0.1782125,0.0625,2024-07-01,16985.98,30194.13,306.0,11.0,0.16674545454545456,0.36363636363636365,21459.116666666665,415.6666666666667,7,7
2024-08,Antiplatelets,23093.61,418,15,0.15764000000000003,0.0,2024-08-01,24559.28,16985.98,457.0,16.0,0.1782125,0.0625,23913.13,449.3333333333333,8,8
2024-09,Antiplatelets,15134.95,292,12,0.18359166666666668,0.25,2024-09-01,23093.61,24559.28,418.0,15.0,0.15764000000000003,0.0,21546.289999999997,393.6666666666667,9,9
2024-10,Antiplatelets,25100.37,488,19,0.18130000000000002,0.10526315789473684,2024-10-01,15134.95,23093.61,292.0,12.0,0.18359166666666668,0.25,20929.28,389.0,10,10
2024-11,Antiplatelets,15836.04,314,12,0.20685,0.16666666666666666,2024-11-01,25100.37,15134.95,488.0,19.0,0.18130000000000002,0.10526315789473684,21109.643333333333,399.3333333333333,11,11
2024-12,Antiplatelets,11028.06,205,8,0.17628749999999999,0.125,2024-12-01,15836.04,25100.37,314.0,12.0,0.20685,0.16666666666666666,18690.453333333335,364.6666666666667,12,12
2025-01,Antiplatelets,39480.11,739,25,0.17680800000000002,0.12,2025-01-01,11028.06,15836.04,205.0,8.0,0.17628749999999999,0.125,17321.49,335.6666666666667,1,13
2025-02,Antiplatelets,23465.31,446,15,0.20079333333333332,0.13333333333333333,2025-02-01,39480.11,11028.06,739.0,25.0,0.17680800000000002,0.12,22114.736666666664,419.3333333333333,2,14
2025-03,Antiplatelets,26268.02,511,18,0.21315,0.2222222222222222,2025-03-01,23465.31,39480.11,446.0,15.0,0.20079333333333332,0.13333333333333333,24657.826666666664,463.3333333333333,3,15
2025-04,Antiplatelets,22932.83,442,15,0.16968666666666668,0.06666666666666667,2025-04-01,26268.02,23465.31,511.0,18.0,0.21315,0.2222222222222222,29737.813333333335,565.3333333333334,4,16
2025-05,Antiplatelets,27158.81,537,17,0.19327647058823527,0.058823529411764705,2025-05-01,22932.83,26268.02,442.0,15.0,0.16968666666666668,0.06666666666666667,24222.053333333333,466.3333333333333,5,17
2025-06,Antiplatelets,15569.45,292,9,0.17916666666666667,0.0,2025-06-01,27158.81,22932.83,537.0,17.0,0.19327647058823527,0.058823529411764705,25453.22,496.6666666666667,6,18
2025-07,Antiplatelets,14942.51,292,10,0.17958,0.1,2025-07-01,15569.45,27158.81,292.0,9.0,0.17916666666666667,0.0,21887.03,423.6666666666667,7,19
2025-08,Antiplatelets,16645.69,310,12,0.1558166666666667,0.0,2025-08-01,14942.51,15569.45,292.0,10.0,0.17958,0.1,19223.59,373.6666666666667,8,20
2025-09,Antiplatelets,13206.939999999999,255,11,0.2108818181818182,0.09090909090909091,2025-09-01,16645.69,14942.51,310.0,12.0,0.1558166666666667,0.0,15719.216666666665,298.0,9,21
2025-10,Antiplatelets,13655.01,250,11,0.17529999999999998,0.09090909090909091,2025-10-01,13206.939999999999,16645.69,255.0,11.0,0.2108818181818182,0.09090909090909091,14931.713333333333,285.6666666666667,10,22
2025-11,Antiplatelets,17732.55,354,14,0.22555,0.14285714285714285,2025-11-01,13655.01,13206.939999999999,250.0,11.0,0.17529999999999998,0.09090909090909091,14502.546666666663,271.6666666666667,11,23
2025-12,Antiplatelets,20601.81,382,16,0.1685875,0.0625,2025-12-01,17732.55,13655.01,354.0,14.0,0.22555,0.14285714285714285,14864.833333333334,286.3333333333333,12,24
2024-01,Antivirals,13244.57,260,16,0.1688875,0.0625,2024-01-01,,,,,,,,,1,1
2024-02,Antivirals,13935.07,260,16,0.16928125,0.125,2024-02-01,13244.57,,260.0,16.0,0.1688875,0.0625,13244.57,260.0,2,2
2024-03,Antivirals,21224.65,414,25,0.17466,0.2,2024-03-01,13935.07,13244.57,260.0,16.0,0.16928125,0.125,13589.82,260.0,3,3
2024-04,Antivirals,19535.05,392,20,0.19433499999999998,0.05,2024-04-01,21224.65,13935.07,414.0,25.0,0.17466,0.2,16134.763333333334,311.3333333333333,4,4
2024-05,Antivirals,21993.48,437,25,0.21018,0.08,2024-05-01,19535.05,21224.65,392.0,20.0,0.19433499999999998,0.05,18231.59,355.3333333333333,5,5
2024-06,Antivirals,12918.51,246,14,0.17688571428571429,0.21428571428571427,2024-06-01,21993.48,19535.05,437.0,25.0,0.21018,0.08,20917.726666666666,414.3333333333333,6,6
2024-07,Antivirals,17504.46,333,22,0.18191818181818184,0.09090909090909091,2024-07-01,12918.51,21993.48,246.0,14.0,0.17688571428571429,0.21428571428571427,18149.013333333332,358.3333333333333,7,7
2024-08,Antivirals,17445.43,337,22,0.16621363636363637,0.045454545454545456,2024-08-01,17504.46,12918.51,333.0,22.0,0.18191818181818184,0.09090909090909091,17472.15,338.6666666666667,8,8
2024-09,Antivirals,18884.02,366,26,0.19761153846153848,0.15384615384615385,2024-09-01,17445.43,17504.46,337.0,22.0,0.16621363636363637,0.045454545454545456,15956.133333333333,305.3333333333333,9,9
2024-10,Antivirals,15356.97,297,22,0.1862818181818182,0.09090909090909091,2024-10-01,18884.02,17445.43,366.0,26.0,0.19761153846153848,0.15384615384615385,17944.63666666667,345.3333333333333,10,10
2024-11,Antivirals,14819.29,280,19,0.16468947368421052,0.05263157894736842,2024-11-01,15356.97,18884.02,297.0,22.0,0.1862818181818182,0.09090909090909091,17228.806666666667,333.3333333333333,11,11
2024-12,Antivirals,14570.31,271,16,0.14535,0.0625,2024-12-01,14819.29,15356.97,280.0,19.0,0.16468947368421052,0.05263157894736842,16353.426666666666,314.3333333333333,12,12
2025-01,Antivirals,12720.51,237,15,0.18012666666666668,0.0,2025-01-01,14570.31,14819.29,271.0,16.0,0.14535,0.0625,14915.523333333333,282.6666666666667,1,13
2025-02,Antivirals,16911.13,321,17,0.14698823529411764,0.11764705882352941,2025-02-01,12720.51,14570.31,237.0,15.0,0.18012666666666668,0.0,14036.703333333333,262.6666666666667,2,14
2025-03,Antivirals,27691.48,546,30,0.17973666666666668,0.16666666666666666,2025-03-01,16911.13,12720.51,321.0,17.0,0.14698823529411764,0.11764705882352941,14733.983333333332,276.3333333333333,3,15
2025-04,Antivirals,19644.97,410,18,0.22433333333333336,0.05555555555555555,2025-04-01,27691.48,16911.13,546.0,30.0,0.17973666666666668,0.16666666666666666,19107.706666666665,368.0,4,16
2025-05,Antivirals,23543.82,442,21,0.17423809523809522,0.14285714285714285,2025-05-01,19644.97,27691.48,410.0,18.0,0.22433333333333336,0.05555555555555555,21415.86,425.6666666666667,5,17
2025-06,Antivirals,17431.75,333,19,0.17063684210526317,0.05263157894736842,2025-06-01,23543.82,19644.97,442.0,21.0,0.17423809523809522,0.14285714285714285,23626.756666666668,466.0,6,18
2025-07,Antivirals,16960.54,335,21,0.16922857142857142,0.14285714285714285,2025-07-01,17431.75,23543.82,333.0,19.0,0.17063684210526317,0.05263157894736842,20206.846666666668,395.0,7,19
2025-08,Antivirals,14166.41,280,18,0.1954111111111111,0.1111111111111111,2025-08-01,16960.54,17431.75,335.0,21.0,0.16922857142857142,0.14285714285714285,19312.036666666667,370.0,8,20
2025-09,Antivirals,17761.1,350,21,0.22045238095238096,0.23809523809523808,2025-09-01,14166.41,16960.54,280.0,18.0,0.1954111111111111,0.1111111111111111,16186.233333333332,316.0,9,21
2025-10,Antivirals,13258.34,252,18,0.16808888888888887,0.2777777777777778,2025-10-01,17761.1,14166.41,350.0,21.0,0.22045238095238096,0.23809523809523808,16296.016666666668,321.6666666666667,10,22
2025-11,Antivirals,16675.989999999998,316,21,0.1926,0.047619047619047616,2025-11-01,13258.34,17761.1,252.0,18.0,0.16808888888888887,0.2777777777777778,15061.949999999999,294.0,11,23
2025-12,Antivirals,12592.970000000001,239,14,0.18703571428571428,0.07142857142857142,2025-12-01,16675.989999999998,13258.34,316.0,21.0,0.1926,0.047619047619047616,15898.476666666664,306.0,12,24
2024-01,Bone Health,8956.9,298,11,0.22414545454545456,0.2727272727272727,2024-01-01,,,,,,,,,1,1
2024-02,Bone Health,14752.37,460,16,0.1713125,0.125,2024-02-01,8956.9,,298.0,11.0,0.22414545454545456,0.2727272727272727,8956.9,298.0,2,2
2024-03,Bone Health,13576.2,422,14,0.2002714285714286,0.35714285714285715,2024-03-01,14752.37,8956.9,460.0,16.0,0.1713125,0.125,11854.635,379.0,3,3
2024-04,Bone Health,10400.33,333,12,0.19769166666666668,0.08333333333333333,2024-04-01,13576.2,14752.37,422.0,14.0,0.2002714285714286,0.35714285714285715,12428.49,393.3333333333333,4,4
2024-05,Bone Health,16258.19,493,15,0.18329333333333334,0.3333333333333333,2024-05-01,10400.33,13576.2,333.0,12.0,0.19769166666666668,0.08333333333333333,12909.633333333333,405.0,5,5
2024-06,Bone Health,15116.23,475,18,0.1707611111111111,0.16666666666666666,2024-06-01,16258.19,10400.33,493.0,15.0,0.18329333333333334,0.3333333333333333,13411.573333333334,416.0,6,6
2024-07,Bone Health,8675.63,260,10,0.17659,0.3,2024-07-01,15116.23,16258.19,475.0,18.0,0.1707611111111111,0.16666666666666666,13924.916666666666,433.6666666666667,7,7
2024-08,Bone Health,7287.09,225,11,0.18736363636363637,0.0,2024-08-01,8675.63,15116.23,260.0,10.0,0.17659,0.3,13350.016666666665,409.3333333333333,8,8
2024-09,Bone Health,8192.5,258,11,0.21330909090909092,0.36363636363636365,2024-09-01,7287.09,8675.63,225.0,11.0,0.18736363636363637,0.0,10359.65,320.0,9,9
2024-10,Bone Health,14317.21,452,18,0.18887777777777778,0.2777777777777778,2024-10-01,8192.5,7287.09,258.0,11.0,0.21330909090909092,0.36363636363636365,8051.740000000001,247.66666666666666,10,10
2024-11,Bone Health,14170.95,446,16,0.21104375,0.1875,2024-11-01,14317.21,8192.5,452.0,18.0,0.18887777777777778,0.2777777777777778,9932.266666666666,311.6666666666667,11,11
2024-12,Bone Health,9734.11,315,11,0.21255454545454544,0.18181818181818182,2024-12-01,14170.95,14317.21,446.0,16.0,0.21104375,0.1875,12226.886666666667,385.3333333333333,12,12
2025-01,Bone Health,8664.63,274,11,0.1969090909090909,0.09090909090909091,2025-01-01,9734.11,14170.95,315.0,11.0,0.21255454545454544,0.18181818181818182,12740.756666666668,404.3333333333333,1,13
2025-02,Bone Health,14442.61,447,13,0.18057692307692308,0.3076923076923077,2025-02-01,8664.63,9734.11,274.0,11.0,0.1969090909090909,0.09090909090909091,10856.563333333334,345.0,2,14
2025-03,Bone Health,15700.720000000001,514,14,0.1898142857142857,0.2857142857142857,2025-03-01,14442.61,8664.63,447.0,13.0,0.18057692307692308,0.3076923076923077,10947.116666666667,345.3333333333333,3,15
2025-04,Bone Health,13387.49,431,14,0.20154285714285716,0.35714285714285715,2025-04-01,15700.720000000001,14442.61,514.0,14.0,0.1898142857142857,0.2857142857142857,12935.986666666666,411.6666666666667,4,16
2025-05,Bone Health,15556.78,510,15,0.23146666666666665,0.2,2025-05-01,13387.49,15700.720000000001,431.0,14.0,0.20154285714285716,0.35714285714285715,14510.273333333336,464.0,5,17
2025-06,Bone Health,8618.539999999999,238,9,0.09548888888888889,0.0,2025-06-01,15556.78,13387.49,510.0,15.0,0.23146666666666665,0.2,14881.663333333336,485.0,6,18
2025-07,Bone Health,10821.21,351,11,0.20897272727272725,0.09090909090909091,2025-07-01,8618.539999999999,15556.78,238.0,9.0,0.09548888888888889,0.0,12520.936666666666,393.0,7,19
2025-08,Bone Health,9478.51,313,11,0.20275454545454547,0.09090909090909091,2025-08-01,10821.21,8618.539999999999,351.0,11.0,0.20897272727272725,0.09090909090909091,11665.51,366.3333333333333,8,20
2025-09,Bone Health,13742.06,407,15,0.15597333333333332,0.13333333333333333,2025-09-01,9478.51,10821.21,313.0,11.0,0.20275454545454547,0.09090909090909091,9639.42,300.6666666666667,9,21
2025-10,Bone Health,11519.11,383,15,0.22963333333333333,0.4666666666666667,2025-10-01,13742.06,9478.51,407.0,15.0,0.15597333333333332,0.13333333333333333,11347.26,357.0,10,22
2025-11,Bone Health,15833.13,480,17,0.1833235294117647,0.23529411764705882,2025-11-01,11519.11,13742.06,383.0,15.0,0.22963333333333333,0.4666666666666667,11579.893333333333,367.6666666666667,11,23
2025-12,Bone Health,12254.82,391,13,0.18828461538461536,0.15384615384615385,2025-12-01,15833.13,11519.11,480.0,17.0,0.1833235294117647,0.23529411764705882,13698.099999999999,423.3333333333333,12,24
2024-01,Cardiology,15886.25,318,17,0.20564117647058824,0.17647058823529413,2024-01-01,,,,,,,,,1,1
2024-02,Cardiology,19951.4,395,20,0.20596,0.15,2024-02-01,15886.25,,318.0,17.0,0.20564117647058824,0.17647058823529413,15886.25,318.0,2,2
2024-03,Cardiology,22698.11,425,19,0.1844684210526316,0.15789473684210525,2024-03-01,19951.4,15886.25,395.0,20.0,0.20596,0.15,17918.825,356.5,3,3
2024-04,Cardiology,24770.77,481,24,0.18151666666666666,0.08333333333333333,2024-04-01,22698.11,19951.4,425.0,19.0,0.1844684210526316,0.15789473684210525,19511.920000000002,379.3333333333333,4,4
2024-05,Cardiology,23272.489999999998,469,22,0.19950454545454546,0.09090909090909091,2024-05-01,24770.77,22698.11,481.0,24.0,0.18151666666666666,0.08333333333333333,22473.426666666666,433.6666666666667,5,5
2024-06,Cardiology,19237.43,374,19,0.16263684210526316,0.05263157894736842,2024-06-01,23272.489999999998,24770.77,469.0,22.0,0.19950454545454546,0.09090909090909091,23580.456666666665,458.3333333333333,6,6
2024-07,Cardiology,19596.48,377,19,0.17814736842105264,0.05263157894736842,2024-07-01,19237.43,23272.489999999998,374.0,19.0,0.16263684210526316,0.05263157894736842,22426.896666666667,441.3333333333333,7,7
2024-08,Cardiology,15162.7,306,16,0.220825,0.0625,2024-08-01,19596.48,19237.43,377.0,19.0,0.17814736842105264,0.05263157894736842,20702.13333333333,406.6666666666667,8,8
2024-09,Cardiology,24419.48,473,26,0.17568076923076925,0.11538461538461539,2024-09-01,15162.7,19596.48,306.0,16.0,0.220825,0.0625,17998.87,352.3333333333333,9,9
2024-10,Cardiology,17956.14,376,19,0.2422421052631579,0.21052631578947367,2024-10-01,24419.48,15162.7,473.0,26.0,0.17568076923076925,0.11538461538461539,19726.219999999998,385.3333333333333,10,10
2024-11,Cardiology,25179.71,490,24,0.19455416666666667,0.08333333333333333,2024-11-01,17956.14,24419.48,376.0,19.0,0.2422421052631579,0.21052631578947367,19179.44,385.0,11,11
2024-12,Cardiology,16881.55,334,17,0.21998235294117646,0.058823529411764705,2024-12-01,25179.71,17956.14,490.0,24.0,0.19455416666666667,0.08333333333333333,22518.44333333333,446.3333333333333,12,12
2025-01,Cardiology,18407.0,371,15,0.21380666666666667,0.06666666666666667,2025-01-01,16881.55,25179.71,334.0,17.0,0.21998235294117646,0.058823529411764705,20005.8,400.0,1,13
2025-02,Cardiology,23316.02,461,20,0.18896,0.1,2025-02-01,18407.0,16881.55,371.0,15.0,0.21380666666666667,0.06666666666666667,20156.086666666666,398.3333333333333,2,14
2025-03,Cardiology,27645.989999999998,556,24,0.20307083333333334,0.2916666666666667,2025-03-01,23316.02,18407.0,461.0,20.0,0.18896,0.1,19534.856666666667,388.6666666666667,3,15
2025-04,Cardiology,24600.24,472,21,0.16761428571428572,0.09523809523809523,2025-04-01,27645.989999999998,23316.02,556.0,24.0,0.20307083333333334,0.2916666666666667,23123.003333333338,462.6666666666667,4,16
2025-05,Cardiology,21737.25,427,17,0.17651176470588237,0.0,2025-05-01,24600.24,27645.989999999998,472.0,21.0,0.16761428571428572,0.09523809523809523,25187.416666666668,496.3333333333333,5,17
2025-06,Cardiology,26843.04,546,22,0.19181363636363635,0.045454545454545456,2025-06-01,21737.25,24600.24,427.0,17.0,0.17651176470588237,0.0,24661.16,485.0,6,18
2025-07,Cardiology,22112.16,424,20,0.178385,0.0,2025-07-01,26843.04,21737.25,546.0,22.0,0.19181363636363635,0.045454545454545456,24393.51,481.6666666666667,7,19
2025-08,Cardiology,24094.46,496,20,0.22915000000000002,0.1,2025-08-01,22112.16,26843.04,424.0,20.0,0.178385,0.0,23564.149999999998,465.6666666666667,8,20
2025-09,Cardiology,13913.25,281,14,0.2145857142857143,0.2857142857142857,2025-09-01,24094.46,22112.16,496.0,20.0,0.22915000000000002,0.1,24349.88666666667,488.6666666666667,9,21
2025-10,Cardiology,19320.03,368,17,0.1696176470588235,0.17647058823529413,2025-10-01,13913.25,24094.46,281.0,14.0,0.2145857142857143,0.2857142857142857,20039.95666666667,400.3333333333333,10,22
2025-11,Cardiology,26016.89,503,23,0.16561739130434783,0.043478260869565216,2025-11-01,19320.03,13913.25,368.0,17.0,0.1696176470588235,0.17647058823529413,19109.246666666666,381.6666666666667,11,23
2025-12,Cardiology,16200.41,304,13,0.1465923076923077,0.0,2025-12-01,26016.89,19320.03,503.0,23.0,0.16561739130434783,0.043478260869565216,19750.056666666667,384.0,12,24
2024-02,Cough Cold,956.94,18,3,0.20686666666666667,0.0,2024-02-01,,,,,,,,,2,2
2024-04,Cough Cold,1314.74,30,4,0.190775,0.0,2024-04-01,956.94,,18.0,3.0,0.20686666666666667,0.0,956.94,18.0,4,4
2024-06,Cough Cold,411.91,8,1,0.1499,0.0,2024-06-01,1314.74,956.94,30.0,4.0,0.190775,0.0,1135.8400000000001,24.0,6,6
2024-07,Cough Cold,1507.33,30,3,0.1884333333333333,0.0,2024-07-01,411.91,1314.74,8.0,1.0,0.1499,0.0,894.5300000000001,18.666666666666668,7,7
2024-08,Cough Cold,1818.58,44,4,0.20432499999999998,0.0,2024-08-01,1507.33,411.91,30.0,3.0,0.1884333333333333,0.0,1077.9933333333333,22.666666666666668,8,8
2024-09,Cough Cold,744.85,15,2,0.12665,0.0,2024-09-01,1818.58,1507.33,44.0,4.0,0.20432499999999998,0.0,1245.9399999999998,27.333333333333332,9,9
2024-11,Cough Cold,796.8199999999999,19,2,0.20735,0.5,2024-11-01,744.85,1818.58,15.0,2.0,0.12665,0.0,1356.92,29.666666666666668,11,11
2024-12,Cough Cold,1725.51,39,5,0.15994,0.0,2024-12-01,796.8199999999999,744.85,19.0,2.0,0.20735,0.5,1120.0833333333333,26.0,12,12
2025-02,Cough Cold,1046.76,22,3,0.20563333333333333,0.0,2025-02-01,1725.51,796.8199999999999,39.0,5.0,0.15994,0.0,1089.0600000000002,24.333333333333332,2,14
2025-03,Cough Cold,895.02,19,3,0.16936666666666667,0.3333333333333333,2025-03-01,1046.76,1725.51,22.0,3.0,0.20563333333333333,0.0,1189.6966666666667,26.666666666666668,3,15
2025-04,Cough Cold,1854.04,40,5,0.19090000000000001,0.2,2025-04-01,895.02,1046.76,19.0,3.0,0.16936666666666667,0.3333333333333333,1222.43,26.666666666666668,4,16
2025-05,Cough Cold,769.4200000000001,17,2,0.1509,0.0,2025-05-01,1854.04,895.02,40.0,5.0,0.19090000000000001,0.2,1265.2733333333333,27.0,5,17
2025-06,Cough Cold,789.52,16,2,0.23445,0.0,2025-06-01,769.4200000000001,1854.04,17.0,2.0,0.1509,0.0,1172.8266666666668,25.333333333333332,6,18
2025-07,Cough Cold,173.83,5,1,0.3588,0.0,2025-07-01,789.52,769.4200000000001,16.0,2.0,0.23445,0.0,1137.66,24.333333333333332,7,19
2025-08,Cough Cold,330.83,8,1,0.1846,0.0,2025-08-01,173.83,789.52,5.0,1.0,0.3588,0.0,577.59,12.666666666666666,8,20
2025-10,Cough Cold,221.47,5,2,0.13805,0.5,2025-10-01,330.83,173.83,8.0,1.0,0.1846,0.0,431.39333333333343,9.666666666666666,10,22
2024-01,Critical Care,17976.04,277,11,0.20927272727272728,0.2727272727272727,2024-01-01,,,,,,,,,1,1
2024-02,Critical Care,30443.84,467,21,0.1596857142857143,0.09523809523809523,2024-02-01,17976.04,,277.0,11.0,0.20927272727272728,0.2727272727272727,17976.04,277.0,2,2
2024-03,Critical Care,24782.18,386,17,0.20204117647058825,0.35294117647058826,2024-03-01,30443.84,17976.04,467.0,21.0,0.1596857142857143,0.09523809523809523,24209.940000000002,372.0,3,3
2024-04,Critical Care,27919.31,437,18,0.20966666666666667,0.3333333333333333,2024-04-01,24782.18,30443.84,386.0,17.0,0.20204117647058825,0.35294117647058826,24400.686666666665,376.6666666666667,4,4
2024-05,Critical Care,25441.53,386,16,0.18319375,0.0625,2024-05-01,27919.31,24782.18,437.0,18.0,0.20966666666666667,0.3333333333333333,27715.11,430.0,5,5
2024-06,Critical Care,28925.71,441,18,0.18796111111111113,0.0,2024-06-01,25441.53,27919.31,386.0,16.0,0.18319375,0.0625,26047.673333333336,403.0,6,6
2024-07,Critical Care,27530.23,440,18,0.21003333333333332,0.0,2024-07-01,28925.71,25441.53,441.0,18.0,0.18796111111111113,0.0,27428.849999999995,421.3333333333333,7,7
2024-08,Critical Care,22777.79,348,16,0.1957875,0.1875,2024-08-01,27530.23,28925.71,440.0,18.0,0.21003333333333332,0.0,27299.156666666666,422.3333333333333,8,8
2024-09,Critical Care,12812.61,194,10,0.17071999999999998,0.1,2024-09-01,22777.79,27530.23,348.0,16.0,0.1957875,0.1875,26411.243333333332,409.6666666666667,9,9
2024-10,Critical Care,26621.07,423,21,0.19492857142857142,0.09523809523809523,2024-10-01,12812.61,22777.79,194.0,10.0,0.17071999999999998,0.1,21040.210000000003,327.3333333333333,10,10
2024-11,Critical Care,20068.07,296,13,0.15933846153846154,0.0,2024-11-01,26621.07,12812.61,423.0,21.0,0.19492857142857142,0.09523809523809523,20737.156666666666,321.6666666666667,11,11
2024-12,Critical Care,16969.46,257,13,0.1962923076923077,0.07692307692307693,2024-12-01,20068.07,26621.07,296.0,13.0,0.15933846153846154,0.0,19833.916666666668,304.3333333333333,12,12
2025-01,Critical Care,42769.33,630,29,0.17813103448275863,0.1724137931034483,2025-01-01,16969.46,20068.07,257.0,13.0,0.1962923076923077,0.07692307692307693,21219.53333333333,325.3333333333333,1,13
2025-02,Critical Care,22594.32,343,13,0.1857,0.23076923076923078,2025-02-01,42769.33,16969.46,630.0,29.0,0.17813103448275863,0.1724137931034483,26602.286666666667,394.3333333333333,2,14
2025-03,Critical Care,41868.54,634,24,0.17609583333333334,0.125,2025-03-01,22594.32,42769.33,343.0,13.0,0.1857,0.23076923076923078,27444.369999999995,410.0,3,15
2025-04,Critical Care,39132.41,635,22,0.2239727272727273,0.36363636363636365,2025-04-01,41868.54,22594.32,634.0,24.0,0.17609583333333334,0.125,35744.06333333333,535.6666666666666,4,16
2025-05,Critical Care,36461.53,565,21,0.18889999999999998,0.047619047619047616,2025-05-01,39132.41,41868.54,635.0,22.0,0.2239727272727273,0.36363636363636365,34531.75666666667,537.3333333333334,5,17
2025-06,Critical Care,38990.14,619,22,0.20815909090909088,0.13636363636363635,2025-06-01,36461.53,39132.41,565.0,21.0,0.18889999999999998,0.047619047619047616,39154.16,611.3333333333334,6,18
2025-07,Critical Care,21470.34,351,15,0.20194666666666666,0.06666666666666667,2025-07-01,38990.14,36461.53,619.0,22.0,0.20815909090909088,0.13636363636363635,38194.693333333336,606.3333333333334,7,19
2025-08,Critical Care,22241.02,326,14,0.1748,0.14285714285714285,2025-08-01,21470.34,38990.14,351.0,15.0,0.20194666666666666,0.06666666666666667,32307.336666666666,511.6666666666667,8,20
2025-09,Critical Care,19636.51,312,13,0.1724384615384615,0.23076923076923078,2025-09-01,22241.02,21470.34,326.0,14.0,0.1748,0.14285714285714285,27567.166666666668,432.0,9,21
2025-10,Critical Care,22026.48,341,16,0.1933625,0.25,2025-10-01,19636.51,22241.02,312.0,13.0,0.1724384615384615,0.23076923076923078,21115.956666666665,329.6666666666667,10,22
2025-11,Critical Care,13772.33,215,9,0.1854888888888889,0.0,2025-11-01,22026.48,19636.51,341.0,16.0,0.1933625,0.25,21301.336666666666,326.3333333333333,11,23
2025-12,Critical Care,38484.04,614,23,0.21059565217391304,0.21739130434782608,2025-12-01,13772.33,22026.48,215.0,9.0,0.1854888888888889,0.0,18478.44,289.3333333333333,12,24
2024-01,Dental Care,109329.79,1208,31,0.1786258064516129,0.06451612903225806,2024-01-01,,,,,,,,,1,1
2024-02,Dental Care,92481.51,1066,26,0.1906,0.07692307692307693,2024-02-01,109329.79,,1208.0,31.0,0.1786258064516129,0.06451612903225806,109329.79,1208.0,2,2
2024-03,Dental Care,55255.87,654,16,0.190225,0.25,2024-03-01,92481.51,109329.79,1066.0,26.0,0.1906,0.07692307692307693,100905.65,1137.0,3,3
2024-04,Dental Care,88551.87,1009,24,0.17495000000000002,0.20833333333333334,2024-04-01,55255.87,92481.51,654.0,16.0,0.190225,0.25,85689.05666666666,976.0,4,4
2024-05,Dental Care,88118.87,1010,25,0.171036,0.0,2024-05-01,88551.87,55255.87,1009.0,24.0,0.17495000000000002,0.20833333333333334,78763.08333333333,909.6666666666666,5,5
2024-06,Dental Care,87902.92,995,22,0.1990590909090909,0.09090909090909091,2024-06-01,88118.87,88551.87,1010.0,25.0,0.171036,0.0,77308.87,891.0,6,6
2024-07,Dental Care,90184.93,1020,26,0.1854423076923077,0.038461538461538464,2024-07-01,87902.92,88118.87,995.0,22.0,0.1990590909090909,0.09090909090909091,88191.21999999999,1004.6666666666666,7,7
2024-08,Dental Care,77654.9,891,24,0.18438333333333334,0.16666666666666666,2024-08-01,90184.93,87902.92,1020.0,26.0,0.1854423076923077,0.038461538461538464,88735.57333333332,1008.3333333333334,8,8
2024-09,Dental Care,44133.64,494,16,0.17593125,0.1875,2024-09-01,77654.9,90184.93,891.0,24.0,0.18438333333333334,0.16666666666666666,85247.58333333333,968.6666666666666,9,9
2024-10,Dental Care,75336.65,910,24,0.231225,0.2916666666666667,2024-10-01,44133.64,77654.9,494.0,16.0,0.17593125,0.1875,70657.82333333333,801.6666666666666,10,10
2024-11,Dental Care,98126.56,1121,31,0.1955483870967742,0.06451612903225806,2024-11-01,75336.65,44133.64,910.0,24.0,0.231225,0.2916666666666667,65708.39666666667,765.0,11,11
2024-12,Dental Care,96859.58,1103,29,0.20328965517241382,0.10344827586206896,2024-12-01,98126.56,75336.65,1121.0,31.0,0.1955483870967742,0.06451612903225806,72532.28333333333,841.6666666666666,12,12
2025-01,Dental Care,94054.88,1073,26,0.1761653846153846,0.07692307692307693,2025-01-01,96859.58,98126.56,1103.0,29.0,0.20328965517241382,0.10344827586206896,90107.59666666666,1044.6666666666667,1,13
2025-02,Dental Care,100845.5,1142,25,0.18094000000000002,0.12,2025-02-01,94054.88,96859.58,1073.0,26.0,0.1761653846153846,0.07692307692307693,96347.00666666667,1099.0,2,14
2025-03,Dental Care,88759.52,1015,20,0.175565,0.05,2025-03-01,100845.5,94054.88,1142.0,25.0,0.18094000000000002,0.12,97253.32,1106.0,3,15
2025-04,Dental Care,73300.86,855,17,0.18724117647058824,0.058823529411764705,2025-04-01,88759.52,100845.5,1015.0,20.0,0.175565,0.05,94553.3,1076.6666666666667,4,16
2025-05,Dental Care,101168.79,1133,23,0.16188260869565219,0.08695652173913043,2025-05-01,73300.86,88759.52,855.0,17.0,0.18724117647058824,0.058823529411764705,87635.29333333333,1004.0,5,17
2025-06,Dental Care,100421.23,1131,22,0.19587272727272725,0.0,2025-06-01,101168.79,73300.86,1133.0,23.0,0.16188260869565219,0.08695652173913043,87743.05666666666,1001.0,6,18
2025-07,Dental Care,157778.5,1730,40,0.1617825,0.05,2025-07-01,100421.23,101168.79,1131.0,22.0,0.19587272727272725,0.0,91630.29333333333,1039.6666666666667,7,19
2025-08,Dental Care,105032.0,1214,28,0.19386428571428574,0.10714285714285714,2025-08-01,157778.5,100421.23,1730.0,40.0,0.1617825,0.05,119789.50666666667,1331.3333333333333,8,20
2025-09,Dental Care,85149.71,998,25,0.216568,0.2,2025-09-01,105032.0,157778.5,1214.0,28.0,0.19386428571428574,0.10714285714285714,121077.24333333333,1358.3333333333333,9,21
2025-10,Dental Care,107119.77,1181,26,0.17411923076923078,0.23076923076923078,2025-10-01,85149.71,105032.0,998.0,25.0,0.216568,0.2,115986.73666666668,1314.0,10,22
2025-11,Dental Care,61157.03,678,17,0.18599411764705884,0.17647058823529413,2025-11-01,107119.77,85149.71,1181.0,26.0,0.17411923076923078,0.23076923076923078,99100.49333333333,1131.0,11,23
2025-12,Dental Care,127554.56999999999,1380,31,0.16973225806451614,0.12903225806451613,2025-12-01,61157.03,107119.77,678.0,17.0,0.18599411764705884,0.17647058823529413,84475.50333333334,952.3333333333334,12,24
2024-01,Dermatology,81715.06,835,24,0.18461249999999998,0.25,2024-01-01,,,,,,,,,1,1
2024-02,Dermatology,114598.2,1131,29,0.1661137931034483,0.034482758620689655,2024-02-01,81715.06,,835.0,24.0,0.18461249999999998,0.25,81715.06,835.0,2,2
2024-03,Dermatology,97706.04,1015,23,0.19547391304347825,0.30434782608695654,2024-03-01,114598.2,81715.06,1131.0,29.0,0.1661137931034483,0.034482758620689655,98156.63,983.0,3,3
2024-04,Dermatology,105765.37,1128,25,0.2256,0.32,2024-04-01,97706.04,114598.2,1015.0,23.0,0.19547391304347825,0.30434782608695654,98006.43333333333,993.6666666666666,4,4
2024-05,Dermatology,70465.29,749,19,0.2002842105263158,0.21052631578947367,2024-05-01,105765.37,97706.04,1128.0,25.0,0.2256,0.32,106023.20333333332,1091.3333333333333,5,5
2024-06,Dermatology,117869.9,1222,30,0.20358333333333334,0.1,2024-06-01,70465.29,105765.37,749.0,19.0,0.2002842105263158,0.21052631578947367,91312.23333333332,964.0,6,6
2024-07,Dermatology,50607.32,497,12,0.165625,0.08333333333333333,2024-07-01,117869.9,70465.29,1222.0,30.0,0.20358333333333334,0.1,98033.52,1033.0,7,7
2024-08,Dermatology,60444.54,661,18,0.1934111111111111,0.05555555555555555,2024-08-01,50607.32,117869.9,497.0,12.0,0.165625,0.08333333333333333,79647.50333333333,822.6666666666666,8,8
2024-09,Dermatology,65236.28,686,18,0.20302777777777778,0.2222222222222222,2024-09-01,60444.54,50607.32,661.0,18.0,0.1934111111111111,0.05555555555555555,76307.25333333333,793.3333333333334,9,9
2024-10,Dermatology,111533.95999999999,1148,28,0.20822500000000002,0.10714285714285714,2024-10-01,65236.28,60444.54,686.0,18.0,0.20302777777777778,0.2222222222222222,58762.71333333334,614.6666666666666,10,10
2024-11,Dermatology,67398.67,687,18,0.18760000000000002,0.16666666666666666,2024-11-01,111533.95999999999,65236.28,1148.0,28.0,0.20822500000000002,0.10714285714285714,79071.59333333332,831.6666666666666,11,11
2024-12,Dermatology,76908.5,786,18,0.16954999999999998,0.16666666666666666,2024-12-01,67398.67,111533.95999999999,687.0,18.0,0.18760000000000002,0.16666666666666666,81389.63666666667,840.3333333333334,12,12
2025-01,Dermatology,131187.09,1316,31,0.1755064516129032,0.03225806451612903,2025-01-01,76908.5,67398.67,786.0,18.0,0.16954999999999998,0.16666666666666666,85280.37666666666,873.6666666666666,1,13
2025-02,Dermatology,89645.67,938,21,0.18783809523809522,0.14285714285714285,2025-02-01,131187.09,76908.5,1316.0,31.0,0.1755064516129032,0.03225806451612903,91831.42,929.6666666666666,2,14
2025-03,Dermatology,91164.19,929,19,0.18562631578947367,0.3684210526315789,2025-03-01,89645.67,131187.09,938.0,21.0,0.18783809523809522,0.14285714285714285,99247.08666666667,1013.3333333333334,3,15
2025-04,Dermatology,72650.70999999999,794,15,0.2472,0.4,2025-04-01,91164.19,89645.67,929.0,19.0,0.18562631578947367,0.3684210526315789,103998.98333333334,1061.0,4,16
2025-05,Dermatology,118954.64,1219,23,0.1889913043478261,0.17391304347826086,2025-05-01,72650.70999999999,91164.19,794.0,15.0,0.2472,0.4,84486.85666666667,887.0,5,17
2025-06,Dermatology,110843.33,1163,22,0.20176818181818182,0.09090909090909091,2025-06-01,118954.64,72650.70999999999,1219.0,23.0,0.1889913043478261,0.17391304347826086,94256.51333333335,980.6666666666666,6,18
2025-07,Dermatology,111428.2,1193,24,0.21135416666666665,0.125,2025-07-01,110843.33,118954.64,1163.0,22.0,0.20176818181818182,0.09090909090909091,100816.22666666667,1058.6666666666667,7,19
2025-08,Dermatology,122670.65,1284,25,0.206128,0.12,2025-08-01,111428.2,110843.33,1193.0,24.0,0.21135416666666665,0.125,113742.05666666666,1191.6666666666667,8,20
2025-09,Dermatology,105294.29,1074,24,0.20030416666666664,0.20833333333333334,2025-09-01,122670.65,111428.2,1284.0,25.0,0.206128,0.12,114980.72666666667,1213.3333333333333,9,21
2025-10,Dermatology,92088.65,955,23,0.16884347826086957,0.2608695652173913,2025-10-01,105294.29,122670.65,1074.0,24.0,0.20030416666666664,0.20833333333333334,113131.04666666665,1183.6666666666667,10,22
2025-11,Dermatology,79462.56,805,19,0.17012631578947368,0.10526315789473684,2025-11-01,92088.65,105294.29,955.0,23.0,0.16884347826086957,0.2608695652173913,106684.52999999998,1104.3333333333333,11,23
2025-12,Dermatology,142230.21,1485,30,0.20137333333333332,0.16666666666666666,2025-12-01,79462.56,92088.65,805.0,19.0,0.17012631578947368,0.10526315789473684,92281.83333333333,944.6666666666666,12,24
2024-01,Diagnostic Aids,29182.42,433,22,0.1722318181818182,0.0,2024-01-01,,,,,,,,,1,1
2024-02,Diagnostic Aids,14691.16,227,12,0.20450833333333332,0.08333333333333333,2024-02-01,29182.42,,433.0,22.0,0.1722318181818182,0.0,29182.42,433.0,2,2
2024-03,Diagnostic Aids,18996.7,268,13,0.1718230769230769,0.07692307692307693,2024-03-01,14691.16,29182.42,227.0,12.0,0.20450833333333332,0.08333333333333333,21936.79,330.0,3,3
2024-04,Diagnostic Aids,17942.46,290,13,0.23063846153846154,0.23076923076923078,2024-04-01,18996.7,14691.16,268.0,13.0,0.1718230769230769,0.07692307692307693,20956.76,309.3333333333333,4,4
2024-05,Diagnostic Aids,17584.91,280,14,0.20824285714285715,0.07142857142857142,2024-05-01,17942.46,18996.7,290.0,13.0,0.23063846153846154,0.23076923076923078,17210.106666666667,261.6666666666667,5,5
2024-06,Diagnostic Aids,17689.38,278,14,0.22669285714285717,0.0,2024-06-01,17584.91,17942.46,280.0,14.0,0.20824285714285715,0.07142857142857142,18174.690000000002,279.3333333333333,6,6
2024-07,Diagnostic Aids,15640.97,238,12,0.19953333333333334,0.08333333333333333,2024-07-01,17689.38,17584.91,278.0,14.0,0.22669285714285717,0.0,17738.916666666668,282.6666666666667,7,7
2024-08,Diagnostic Aids,11999.75,184,10,0.19983,0.0,2024-08-01,15640.97,17689.38,238.0,12.0,0.19953333333333334,0.08333333333333333,16971.753333333334,265.3333333333333,8,8
2024-09,Diagnostic Aids,33349.5,508,27,0.1839814814814815,0.2222222222222222,2024-09-01,11999.75,15640.97,184.0,10.0,0.19983,0.0,15110.033333333335,233.33333333333334,9,9
2024-10,Diagnostic Aids,21467.739999999998,321,16,0.191675,0.1875,2024-10-01,33349.5,11999.75,508.0,27.0,0.1839814814814815,0.2222222222222222,20330.073333333334,310.0,10,10
2024-11,Diagnostic Aids,15956.2,242,12,0.166525,0.0,2024-11-01,21467.739999999998,33349.5,321.0,16.0,0.191675,0.1875,22272.329999999998,337.6666666666667,11,11
2024-12,Diagnostic Aids,16739.170000000002,263,15,0.16825333333333334,0.0,2024-12-01,15956.2,21467.739999999998,242.0,12.0,0.166525,0.0,23591.146666666667,357.0,12,12
2025-01,Diagnostic Aids,22946.51,355,17,0.17703529411764704,0.058823529411764705,2025-01-01,16739.170000000002,15956.2,263.0,15.0,0.16825333333333334,0.0,18054.37,275.3333333333333,1,13
2025-02,Diagnostic Aids,17918.68,270,12,0.179725,0.08333333333333333,2025-02-01,22946.51,16739.170000000002,355.0,17.0,0.17703529411764704,0.058823529411764705,18547.293333333335,286.6666666666667,2,14
2025-03,Diagnostic Aids,18712.0,296,13,0.23613076923076923,0.3076923076923077,2025-03-01,17918.68,22946.51,270.0,12.0,0.179725,0.08333333333333333,19201.453333333335,296.0,3,15
2025-04,Diagnostic Aids,29195.12,490,21,0.2374095238095238,0.3333333333333333,2025-04-01,18712.0,17918.68,296.0,13.0,0.23613076923076923,0.3076923076923077,19859.063333333335,307.0,4,16
2025-05,Diagnostic Aids,28761.92,410,15,0.15792,0.06666666666666667,2025-05-01,29195.12,18712.0,490.0,21.0,0.2374095238095238,0.3333333333333333,21941.933333333334,352.0,5,17
2025-06,Diagnostic Aids,15872.74,255,10,0.20412,0.1,2025-06-01,28761.92,29195.12,410.0,15.0,0.15792,0.06666666666666667,25556.346666666665,398.6666666666667,6,18
2025-07,Diagnostic Aids,9589.720000000001,142,6,0.14796666666666666,0.0,2025-07-01,15872.74,28761.92,255.0,10.0,0.20412,0.1,24609.926666666666,385.0,7,19
2025-08,Diagnostic Aids,17238.59,249,12,0.17793333333333336,0.16666666666666666,2025-08-01,9589.720000000001,15872.74,142.0,6.0,0.14796666666666666,0.0,18074.79333333333,269.0,8,20
2025-09,Diagnostic Aids,22357.28,350,17,0.20964117647058822,0.23529411764705882,2025-09-01,17238.59,9589.720000000001,249.0,12.0,0.17793333333333336,0.16666666666666666,14233.683333333334,215.33333333333334,9,21
2025-10,Diagnostic Aids,21191.71,331,17,0.18571764705882354,0.11764705882352941,2025-10-01,22357.28,17238.59,350.0,17.0,0.20964117647058822,0.23529411764705882,16395.196666666667,247.0,10,22
2025-11,Diagnostic Aids,15422.99,235,10,0.19394,0.0,2025-11-01,21191.71,22357.28,331.0,17.0,0.18571764705882354,0.11764705882352941,20262.52666666667,310.0,11,23
2025-12,Diagnostic Aids,16871.13,271,11,0.2099818181818182,0.18181818181818182,2025-12-01,15422.99,21191.71,235.0,10.0,0.19394,0.0,19657.326666666664,305.3333333333333,12,24
2024-01,Diuretics,103737.94,999,26,0.17215384615384616,0.038461538461538464,2024-01-01,,,,,,,,,1,1
2024-02,Diuretics,69506.9,700,18,0.19966111111111112,0.2222222222222222,2024-02-01,103737.94,,999.0,26.0,0.17215384615384616,0.038461538461538464,103737.94,999.0,2,2
2024-03,Diuretics,66890.78,644,15,0.1744,0.2,2024-03-01,69506.9,103737.94,700.0,18.0,0.19966111111111112,0.2222222222222222,86622.42,849.5,3,3
2024-04,Diuretics,95882.61,932,20,0.19453499999999999,0.15,2024-04-01,66890.78,69506.9,644.0,15.0,0.1744,0.2,80045.20666666667,781.0,4,4
2024-05,Diuretics,77348.51,783,17,0.1852,0.11764705882352941,2024-05-01,95882.61,66890.78,932.0,20.0,0.19453499999999999,0.15,77426.76333333332,758.6666666666666,5,5
2024-06,Diuretics,66391.18,676,17,0.19977647058823528,0.11764705882352941,2024-06-01,77348.51,95882.61,783.0,17.0,0.1852,0.11764705882352941,80040.63333333333,786.3333333333334,6,6
2024-07,Diuretics,112084.28,1095,24,0.18180416666666666,0.16666666666666666,2024-07-01,66391.18,77348.51,676.0,17.0,0.19977647058823528,0.11764705882352941,79874.09999999999,797.0,7,7
2024-08,Diuretics,108914.25,1083,22,0.19171363636363636,0.22727272727272727,2024-08-01,112084.28,66391.18,1095.0,24.0,0.18180416666666666,0.16666666666666666,85274.65666666666,851.3333333333334,8,8
2024-09,Diuretics,91608.97,856,20,0.186785,0.25,2024-09-01,108914.25,112084.28,1083.0,22.0,0.19171363636363636,0.22727272727272727,95796.56999999999,951.3333333333334,9,9
2024-10,Diuretics,68456.77,656,15,0.20830666666666667,0.3333333333333333,2024-10-01,91608.97,108914.25,856.0,20.0,0.186785,0.25,104202.5,1011.3333333333334,10,10
2024-11,Diuretics,69442.26,698,15,0.21183333333333335,0.13333333333333333,2024-11-01,68456.77,91608.97,656.0,15.0,0.20830666666666667,0.3333333333333333,89659.99666666666,865.0,11,11
2024-12,Diuretics,128364.27,1274,24,0.18979583333333336,0.041666666666666664,2024-12-01,69442.26,68456.77,698.0,15.0,0.21183333333333335,0.13333333333333333,76502.66666666667,736.6666666666666,12,12
2025-01,Diuretics,99636.69,968,19,0.17361052631578947,0.15789473684210525,2025-01-01,128364.27,69442.26,1274.0,24.0,0.18979583333333336,0.041666666666666664,88754.43333333333,876.0,1,13
2025-02,Diuretics,92925.0,881,18,0.1806333333333333,0.05555555555555555,2025-02-01,99636.69,128364.27,968.0,19.0,0.17361052631578947,0.15789473684210525,99147.73999999999,980.0,2,14
2025-03,Diuretics,137489.65,1383,23,0.19381304347826087,0.2608695652173913,2025-03-01,92925.0,99636.69,881.0,18.0,0.1806333333333333,0.05555555555555555,106975.32,1041.0,3,15
2025-04,Diuretics,106751.91,1077,17,0.21098235294117648,0.17647058823529413,2025-04-01,137489.65,92925.0,1383.0,23.0,0.19381304347826087,0.2608695652173913,110017.11333333333,1077.3333333333333,4,16
2025-05,Diuretics,107226.03,1111,18,0.20308333333333334,0.05555555555555555,2025-05-01,106751.91,137489.65,1077.0,17.0,0.21098235294117648,0.17647058823529413,112388.85333333332,1113.6666666666667,5,17
2025-06,Diuretics,136896.13,1350,20,0.18728,0.2,2025-06-01,107226.03,106751.91,1111.0,18.0,0.20308333333333334,0.05555555555555555,117155.86333333333,1190.3333333333333,6,18
2025-07,Diuretics,180381.38,1754,28,0.20460357142857144,0.14285714285714285,2025-07-01,136896.13,107226.03,1350.0,20.0,0.18728,0.2,116958.02333333333,1179.3333333333333,7,19
2025-08,Diuretics,138372.16,1348,22,0.19419090909090908,0.13636363636363635,2025-08-01,180381.38,136896.13,1754.0,28.0,0.20460357142857144,0.14285714285714285,141501.18000000002,1405.0,8,20
2025-09,Diuretics,119681.84,1211,22,0.20462272727272726,0.18181818181818182,2025-09-01,138372.16,180381.38,1348.0,22.0,0.19419090909090908,0.13636363636363635,151883.22333333333,1484.0,9,21
2025-10,Diuretics,104988.88,959,17,0.16221764705882352,0.17647058823529413,2025-10-01,119681.84,138372.16,1211.0,22.0,0.20462272727272726,0.18181818181818182,146145.12666666668,1437.6666666666667,10,22
2025-11,Diuretics,118659.73999999999,1116,20,0.176735,0.05,2025-11-01,104988.88,119681.84,959.0,17.0,0.16221764705882352,0.17647058823529413,121014.29333333333,1172.6666666666667,11,23
2025-12,Diuretics,131644.78,1316,20,0.19457,0.1,2025-12-01,118659.73999999999,104988.88,1116.0,20.0,0.176735,0.05,114443.48666666665,1095.3333333333333,12,24
2024-01,ENT,13231.77,347,16,0.2343625,0.3125,2024-01-01,,,,,,,,,1,1
2024-02,ENT,23820.28,572,22,0.2159590909090909,0.18181818181818182,2024-02-01,13231.77,,347.0,16.0,0.2343625,0.3125,13231.77,347.0,2,2
2024-03,ENT,16725.96,380,14,0.16130714285714287,0.2857142857142857,2024-03-01,23820.28,13231.77,572.0,22.0,0.2159590909090909,0.18181818181818182,18526.025,459.5,3,3
2024-04,ENT,19465.489999999998,465,17,0.22190588235294118,0.17647058823529413,2024-04-01,16725.96,23820.28,380.0,14.0,0.16130714285714287,0.2857142857142857,17926.00333333333,433.0,4,4
2024-05,ENT,25438.64,603,22,0.20512272727272726,0.22727272727272727,2024-05-01,19465.489999999998,16725.96,465.0,17.0,0.22190588235294118,0.17647058823529413,20003.91,472.3333333333333,5,5
2024-06,ENT,19905.6,459,20,0.17665,0.15,2024-06-01,25438.64,19465.489999999998,603.0,22.0,0.20512272727272726,0.22727272727272727,20543.36333333333,482.6666666666667,6,6
2024-07,ENT,22352.02,542,20,0.21309,0.45,2024-07-01,19905.6,25438.64,459.0,20.0,0.17665,0.15,21603.243333333332,509.0,7,7
2024-08,ENT,11787.23,301,12,0.24300000000000002,0.16666666666666666,2024-08-01,22352.02,19905.6,542.0,20.0,0.21309,0.45,22565.42,534.6666666666666,8,8
2024-09,ENT,8715.27,196,8,0.1993,0.25,2024-09-01,11787.23,22352.02,301.0,12.0,0.24300000000000002,0.16666666666666666,18014.949999999997,434.0,9,9
2024-10,ENT,14873.78,349,15,0.18350666666666668,0.2,2024-10-01,8715.27,11787.23,196.0,8.0,0.1993,0.25,14284.840000000002,346.3333333333333,10,10
2024-11,ENT,16805.62,390,16,0.19954375,0.4375,2024-11-01,14873.78,8715.27,349.0,15.0,0.18350666666666668,0.2,11792.093333333332,282.0,11,11
2024-12,ENT,17377.94,430,15,0.22834000000000002,0.26666666666666666,2024-12-01,16805.62,14873.78,390.0,16.0,0.19954375,0.4375,13464.89,311.6666666666667,12,12
2025-01,ENT,28457.079999999998,656,23,0.19157826086956523,0.21739130434782608,2025-01-01,17377.94,16805.62,430.0,15.0,0.22834000000000002,0.26666666666666666,16352.446666666665,389.6666666666667,1,13
2025-02,ENT,18065.260000000002,440,16,0.23936875,0.3125,2025-02-01,28457.079999999998,17377.94,656.0,23.0,0.19157826086956523,0.21739130434782608,20880.213333333333,492.0,2,14
2025-03,ENT,16750.31,384,11,0.1802090909090909,0.18181818181818182,2025-03-01,18065.260000000002,28457.079999999998,440.0,16.0,0.23936875,0.3125,21300.093333333334,508.6666666666667,3,15
2025-04,ENT,14083.02,328,9,0.16848888888888888,0.3333333333333333,2025-04-01,16750.31,18065.260000000002,384.0,11.0,0.1802090909090909,0.18181818181818182,21090.88333333333,493.3333333333333,4,16
2025-05,ENT,29605.72,724,19,0.19812105263157895,0.3684210526315789,2025-05-01,14083.02,16750.31,328.0,9.0,0.16848888888888888,0.3333333333333333,16299.53,384.0,5,17
2025-06,ENT,18275.079999999998,422,14,0.18819999999999998,0.14285714285714285,2025-06-01,29605.72,14083.02,724.0,19.0,0.19812105263157895,0.3684210526315789,20146.350000000002,478.6666666666667,6,18
2025-07,ENT,23385.97,550,17,0.1905529411764706,0.35294117647058826,2025-07-01,18275.079999999998,29605.72,422.0,14.0,0.18819999999999998,0.14285714285714285,20654.60666666667,491.3333333333333,7,19
2025-08,ENT,16676.81,384,12,0.18815,0.16666666666666666,2025-08-01,23385.97,18275.079999999998,550.0,17.0,0.1905529411764706,0.35294117647058826,23755.59,565.3333333333334,8,20
2025-09,ENT,15415.02,394,12,0.22587500000000002,0.4166666666666667,2025-09-01,16676.81,23385.97,384.0,12.0,0.18815,0.16666666666666666,19445.953333333335,452.0,9,21
2025-10,ENT,17829.42,419,13,0.20505384615384617,0.3076923076923077,2025-10-01,15415.02,16676.81,394.0,12.0,0.22587500000000002,0.4166666666666667,18492.600000000002,442.6666666666667,10,22
2025-11,ENT,22350.27,515,18,0.17449444444444442,0.1111111111111111,2025-11-01,17829.42,15415.02,419.0,13.0,0.20505384615384617,0.3076923076923077,16640.416666666668,399.0,11,23
2025-12,ENT,15871.81,366,12,0.16896666666666668,0.16666666666666666,2025-12-01,22350.27,17829.42,515.0,18.0,0.17449444444444442,0.1111111111111111,18531.570000000003,442.6666666666667,12,24
2024-01,Emergency Care,13313.130000000001,279,8,0.23246250000000002,0.375,2024-01-01,,,,,,,,,1,1
2024-02,Emergency Care,15892.41,335,10,0.19571,0.3,2024-02-01,13313.130000000001,,279.0,8.0,0.23246250000000002,0.375,13313.130000000001,279.0,2,2
2024-03,Emergency Care,25091.39,508,14,0.19565000000000002,0.14285714285714285,2024-03-01,15892.41,13313.130000000001,335.0,10.0,0.19571,0.3,14602.77,307.0,3,3
2024-04,Emergency Care,21232.489999999998,433,11,0.2268909090909091,0.36363636363636365,2024-04-01,25091.39,15892.41,508.0,14.0,0.19565000000000002,0.14285714285714285,18098.976666666666,374.0,4,4
2024-05,Emergency Care,20086.78,410,10,0.20379999999999998,0.1,2024-05-01,21232.489999999998,25091.39,433.0,11.0,0.2268909090909091,0.36363636363636365,20738.763333333332,425.3333333333333,5,5
2024-06,Emergency Care,35112.39,726,21,0.21614761904761906,0.19047619047619047,2024-06-01,20086.78,21232.489999999998,410.0,10.0,0.20379999999999998,0.1,22136.88666666667,450.3333333333333,6,6
2024-07,Emergency Care,12422.45,260,9,0.18662222222222222,0.3333333333333333,2024-07-01,35112.39,20086.78,726.0,21.0,0.21614761904761906,0.19047619047619047,25477.22,523.0,7,7
2024-08,Emergency Care,21945.75,438,14,0.19457857142857143,0.14285714285714285,2024-08-01,12422.45,35112.39,260.0,9.0,0.18662222222222222,0.3333333333333333,22540.539999999997,465.3333333333333,8,8
2024-09,Emergency Care,15033.06,300,10,0.19483999999999999,0.0,2024-09-01,21945.75,12422.45,438.0,14.0,0.19457857142857143,0.14285714285714285,23160.196666666667,474.6666666666667,9,9
2024-10,Emergency Care,13868.11,281,9,0.19017777777777778,0.0,2024-10-01,15033.06,21945.75,300.0,10.0,0.19483999999999999,0.0,16467.086666666666,332.6666666666667,10,10
2024-11,Emergency Care,13122.51,262,8,0.1846625,0.0,2024-11-01,13868.11,15033.06,281.0,9.0,0.19017777777777778,0.0,16948.97333333333,339.6666666666667,11,11
2024-12,Emergency Care,20128.29,431,12,0.23049166666666665,0.16666666666666666,2024-12-01,13122.51,13868.11,262.0,8.0,0.1846625,0.0,14007.893333333333,281.0,12,12
2025-01,Emergency Care,26326.42,537,14,0.19072142857142857,0.14285714285714285,2025-01-01,20128.29,13122.51,431.0,12.0,0.23049166666666665,0.16666666666666666,15706.303333333335,324.6666666666667,1,13
2025-02,Emergency Care,24255.45,516,12,0.21716666666666665,0.25,2025-02-01,26326.42,20128.29,537.0,14.0,0.19072142857142857,0.14285714285714285,19859.073333333334,410.0,2,14
2025-03,Emergency Care,24424.58,504,13,0.24049230769230767,0.23076923076923078,2025-03-01,24255.45,26326.42,516.0,12.0,0.21716666666666665,0.25,23570.053333333333,494.6666666666667,3,15
2025-04,Emergency Care,28822.97,560,13,0.17876923076923076,0.23076923076923078,2025-04-01,24424.58,24255.45,504.0,13.0,0.24049230769230767,0.23076923076923078,25002.149999999998,519.0,4,16
2025-05,Emergency Care,19832.32,382,9,0.16245555555555555,0.2222222222222222,2025-05-01,28822.97,24424.58,560.0,13.0,0.17876923076923076,0.23076923076923078,25834.333333333332,526.6666666666666,5,17
2025-06,Emergency Care,22571.42,457,11,0.20850909090909092,0.09090909090909091,2025-06-01,19832.32,28822.97,382.0,9.0,0.16245555555555555,0.2222222222222222,24359.95666666667,482.0,6,18
2025-07,Emergency Care,35748.48,713,20,0.18896,0.05,2025-07-01,22571.42,19832.32,457.0,11.0,0.20850909090909092,0.09090909090909091,23742.236666666668,466.3333333333333,7,19
2025-08,Emergency Care,20568.37,404,11,0.2044272727272727,0.2727272727272727,2025-08-01,35748.48,22571.42,713.0,20.0,0.18896,0.05,26050.74,517.3333333333334,8,20
2025-09,Emergency Care,20208.94,415,11,0.18119090909090907,0.18181818181818182,2025-09-01,20568.37,35748.48,404.0,11.0,0.2044272727272727,0.2727272727272727,26296.089999999997,524.6666666666666,9,21
2025-10,Emergency Care,25420.4,486,14,0.1619,0.07142857142857142,2025-10-01,20208.94,20568.37,415.0,11.0,0.18119090909090907,0.18181818181818182,25508.596666666665,510.6666666666667,10,22
2025-11,Emergency Care,39095.18,791,18,0.20156666666666667,0.2222222222222222,2025-11-01,25420.4,20208.94,486.0,14.0,0.1619,0.07142857142857142,22065.903333333332,435.0,11,23
2025-12,Emergency Care,38045.24,731,19,0.16246842105263157,0.15789473684210525,2025-12-01,39095.18,25420.4,791.0,18.0,0.20156666666666667,0.2222222222222222,28241.506666666668,564.0,12,24
2024-01,Endocrinology,102980.42,1393,50,0.17974,0.12,2024-01-01,,,,,,,,,1,1
2024-02,Endocrinology,44687.92,627,22,0.19501363636363636,0.045454545454545456,2024-02-01,102980.42,,1393.0,50.0,0.17974,0.12,102980.42,1393.0,2,2
2024-03,Endocrinology,77170.55,1071,35,0.19778857142857142,0.22857142857142856,2024-03-01,44687.92,102980.42,627.0,22.0,0.19501363636363636,0.045454545454545456,73834.17,1010.0,3,3
2024-04,Endocrinology,85280.36,1140,33,0.17487878787878788,0.12121212121212122,2024-04-01,77170.55,44687.92,1071.0,35.0,0.19778857142857142,0.22857142857142856,74946.29666666668,1030.3333333333333,4,4
2024-05,Endocrinology,98906.58,1339,38,0.19511052631578948,0.05263157894736842,2024-05-01,85280.36,77170.55,1140.0,33.0,0.17487878787878788,0.12121212121212122,69046.27666666667,946.0,5,5
2024-06,Endocrinology,93801.97,1264,37,0.17750270270270269,0.08108108108108109,2024-06-01,98906.58,85280.36,1339.0,38.0,0.19511052631578948,0.05263157894736842,87119.16333333334,1183.3333333333333,6,6
2024-07,Endocrinology,66930.88,959,31,0.20856129032258064,0.12903225806451613,2024-07-01,93801.97,98906.58,1264.0,37.0,0.17750270270270269,0.08108108108108109,92662.97000000002,1247.6666666666667,7,7
2024-08,Endocrinology,69054.9,968,28,0.20723214285714286,0.14285714285714285,2024-08-01,66930.88,93801.97,959.0,31.0,0.20856129032258064,0.12903225806451613,86546.47666666667,1187.3333333333333,8,8
2024-09,Endocrinology,78658.12,1121,35,0.20408857142857145,0.08571428571428572,2024-09-01,69054.9,66930.88,968.0,28.0,0.20723214285714286,0.14285714285714285,76595.91666666667,1063.6666666666667,9,9
2024-10,Endocrinology,83357.41,1121,37,0.1872891891891892,0.16216216216216217,2024-10-01,78658.12,69054.9,1121.0,35.0,0.20408857142857145,0.08571428571428572,71547.96666666666,1016.0,10,10
2024-11,Endocrinology,87464.75,1159,36,0.16694444444444445,0.08333333333333333,2024-11-01,83357.41,78658.12,1121.0,37.0,0.1872891891891892,0.16216216216216217,77023.47666666667,1070.0,11,11
2024-12,Endocrinology,99971.98,1321,37,0.15795405405405405,0.0,2024-12-01,87464.75,83357.41,1159.0,36.0,0.16694444444444445,0.08333333333333333,83160.09333333334,1133.6666666666667,12,12
2025-01,Endocrinology,114598.23,1623,37,0.20221621621621622,0.08108108108108109,2025-01-01,99971.98,87464.75,1321.0,37.0,0.15795405405405405,0.0,90264.71333333333,1200.3333333333333,1,13
2025-02,Endocrinology,79605.47,1020,26,0.15999615384615387,0.07692307692307693,2025-02-01,114598.23,99971.98,1623.0,37.0,0.20221621621621622,0.08108108108108109,100678.31999999999,1367.6666666666667,2,14
2025-03,Endocrinology,127916.77,1746,37,0.1929054054054054,0.1891891891891892,2025-03-01,79605.47,114598.23,1020.0,26.0,0.15999615384615387,0.07692307692307693,98058.56,1321.3333333333333,3,15
2025-04,Endocrinology,106400.85,1429,32,0.184471875,0.125,2025-04-01,127916.77,79605.47,1746.0,37.0,0.1929054054054054,0.1891891891891892,107373.49,1463.0,4,16
2025-05,Endocrinology,100809.22,1359,30,0.17629,0.06666666666666667,2025-05-01,106400.85,127916.77,1429.0,32.0,0.184471875,0.125,104641.03000000001,1398.3333333333333,5,17
2025-06,Endocrinology,107400.98,1426,31,0.16048709677419357,0.03225806451612903,2025-06-01,100809.22,106400.85,1359.0,30.0,0.17629,0.06666666666666667,111708.94666666667,1511.3333333333333,6,18
2025-07,Endocrinology,97254.44,1327,34,0.1743764705882353,0.14705882352941177,2025-07-01,107400.98,100809.22,1426.0,31.0,0.16048709677419357,0.03225806451612903,104870.34999999999,1404.6666666666667,7,19
2025-08,Endocrinology,83576.42,1126,30,0.1716666666666667,0.06666666666666667,2025-08-01,97254.44,107400.98,1327.0,34.0,0.1743764705882353,0.14705882352941177,101821.54666666668,1370.6666666666667,8,20
2025-09,Endocrinology,72103.2,992,26,0.19249615384615384,0.15384615384615385,2025-09-01,83576.42,97254.44,1126.0,30.0,0.1716666666666667,0.06666666666666667,96077.27999999998,1293.0,9,21
2025-10,Endocrinology,77760.99,1110,32,0.192953125,0.21875,2025-10-01,72103.2,83576.42,992.0,26.0,0.19249615384615384,0.15384615384615385,84311.35333333333,1148.3333333333333,10,22
2025-11,Endocrinology,81290.39,1106,29,0.15996896551724138,0.10344827586206896,2025-11-01,77760.99,72103.2,1110.0,32.0,0.192953125,0.21875,77813.53666666667,1076.0,11,23
2025-12,Endocrinology,77950.39,1056,29,0.17780689655172413,0.06896551724137931,2025-12-01,81290.39,77760.99,1106.0,29.0,0.15996896551724138,0.10344827586206896,77051.52666666667,1069.3333333333333,12,24
2024-01,Fertility,21568.15,331,13,0.16855384615384614,0.07692307692307693,2024-01-01,,,,,,,,,1,1
2024-02,Fertility,38584.6,641,22,0.19566363636363635,0.09090909090909091,2024-02-01,21568.15,,331.0,13.0,0.16855384615384614,0.07692307692307693,21568.15,331.0,2,2
2024-03,Fertility,37220.27,607,19,0.20307368421052632,0.21052631578947367,2024-03-01,38584.6,21568.15,641.0,22.0,0.19566363636363635,0.09090909090909091,30076.375,486.0,3,3
2024-04,Fertility,53498.33,839,27,0.15313333333333332,0.14814814814814814,2024-04-01,37220.27,38584.6,607.0,19.0,0.20307368421052632,0.21052631578947367,32457.67333333333,526.3333333333334,4,4
2024-05,Fertility,45157.28,765,25,0.195276,0.12,2024-05-01,53498.33,37220.27,839.0,27.0,0.15313333333333332,0.14814814814814814,43101.06666666667,695.6666666666666,5,5
2024-06,Fertility,23794.989999999998,402,14,0.20333571428571426,0.07142857142857142,2024-06-01,45157.28,53498.33,765.0,25.0,0.195276,0.12,45291.96,737.0,6,6
2024-07,Fertility,27517.45,458,17,0.2121941176470588,0.17647058823529413,2024-07-01,23794.989999999998,45157.28,402.0,14.0,0.20333571428571426,0.07142857142857142,40816.86666666667,668.6666666666666,7,7
2024-08,Fertility,40092.89,646,23,0.18850434782608697,0.13043478260869565,2024-08-01,27517.45,23794.989999999998,458.0,17.0,0.2121941176470588,0.17647058823529413,32156.57333333333,541.6666666666666,8,8
2024-09,Fertility,38278.88,614,23,0.17071304347826088,0.08695652173913043,2024-09-01,40092.89,27517.45,646.0,23.0,0.18850434782608697,0.13043478260869565,30468.44333333333,502.0,9,9
2024-10,Fertility,43661.58,726,27,0.20002962962962964,0.2962962962962963,2024-10-01,38278.88,40092.89,614.0,23.0,0.17071304347826088,0.08695652173913043,35296.40666666667,572.6666666666666,10,10
2024-11,Fertility,48344.28,816,29,0.20108620689655174,0.13793103448275862,2024-11-01,43661.58,38278.88,726.0,27.0,0.20002962962962964,0.2962962962962963,40677.78333333333,662.0,11,11
2024-12,Fertility,34118.66,534,20,0.14977000000000001,0.05,2024-12-01,48344.28,43661.58,816.0,29.0,0.20108620689655174,0.13793103448275862,43428.246666666666,718.6666666666666,12,12
2025-01,Fertility,47166.97,789,25,0.192748,0.08,2025-01-01,34118.66,48344.28,534.0,20.0,0.14977000000000001,0.05,42041.50666666666,692.0,1,13
2025-02,Fertility,22674.57,356,11,0.17601818181818182,0.09090909090909091,2025-02-01,47166.97,34118.66,789.0,25.0,0.192748,0.08,43209.97,713.0,2,14
2025-03,Fertility,44610.74,724,21,0.17769523809523807,0.14285714285714285,2025-03-01,22674.57,47166.97,356.0,11.0,0.17601818181818182,0.09090909090909091,34653.4,559.6666666666666,3,15
2025-04,Fertility,41295.85,689,20,0.19411499999999998,0.2,2025-04-01,44610.74,22674.57,724.0,21.0,0.17769523809523807,0.14285714285714285,38150.76,623.0,4,16
2025-05,Fertility,66448.58,1087,32,0.193409375,0.125,2025-05-01,41295.85,44610.74,689.0,20.0,0.19411499999999998,0.2,36193.72,589.6666666666666,5,17
2025-06,Fertility,38353.07,624,20,0.17892999999999998,0.2,2025-06-01,66448.58,41295.85,1087.0,32.0,0.193409375,0.125,50785.056666666664,833.3333333333334,6,18
2025-07,Fertility,32772.17,541,19,0.15318421052631578,0.15789473684210525,2025-07-01,38353.07,66448.58,624.0,20.0,0.17892999999999998,0.2,48699.166666666664,800.0,7,19
2025-08,Fertility,26457.59,458,16,0.20906249999999998,0.1875,2025-08-01,32772.17,38353.07,541.0,19.0,0.15318421052631578,0.15789473684210525,45857.939999999995,750.6666666666666,8,20
2025-09,Fertility,50122.05,821,27,0.21265925925925927,0.2962962962962963,2025-09-01,26457.59,32772.17,458.0,16.0,0.20906249999999998,0.1875,32527.609999999997,541.0,9,21
2025-10,Fertility,33302.99,540,18,0.1827611111111111,0.2222222222222222,2025-10-01,50122.05,26457.59,821.0,27.0,0.21265925925925927,0.2962962962962963,36450.60333333333,606.6666666666666,10,22
2025-11,Fertility,43974.65,715,27,0.1764962962962963,0.2222222222222222,2025-11-01,33302.99,50122.05,540.0,18.0,0.1827611111111111,0.2222222222222222,36627.54333333333,606.3333333333334,11,23
2025-12,Fertility,19769.23,329,10,0.19774,0.0,2025-12-01,43974.65,33302.99,715.0,27.0,0.1764962962962963,0.2222222222222222,42466.56333333333,692.0,12,24
2024-01,Gastrointestinal,16854.29,343,16,0.14829375,0.125,2024-01-01,,,,,,,,,1,1
2024-02,Gastrointestinal,19367.9,441,20,0.188075,0.2,2024-02-01,16854.29,,343.0,16.0,0.14829375,0.125,16854.29,343.0,2,2
2024-03,Gastrointestinal,20681.760000000002,468,21,0.2074904761904762,0.19047619047619047,2024-03-01,19367.9,16854.29,441.0,20.0,0.188075,0.2,18111.095,392.0,3,3
2024-04,Gastrointestinal,29880.84,660,27,0.19798888888888888,0.37037037037037035,2024-04-01,20681.760000000002,19367.9,468.0,21.0,0.2074904761904762,0.19047619047619047,18967.983333333334,417.3333333333333,4,4
2024-05,Gastrointestinal,22364.44,494,19,0.21735263157894735,0.21052631578947367,2024-05-01,29880.84,20681.760000000002,660.0,27.0,0.19798888888888888,0.37037037037037035,23310.166666666668,523.0,5,5
2024-06,Gastrointestinal,24751.7,556,21,0.19067142857142858,0.42857142857142855,2024-06-01,22364.44,29880.84,494.0,19.0,0.21735263157894735,0.21052631578947367,24309.013333333336,540.6666666666666,6,6
2024-07,Gastrointestinal,25841.25,584,29,0.2007448275862069,0.27586206896551724,2024-07-01,24751.7,22364.44,556.0,21.0,0.19067142857142858,0.42857142857142855,25665.66,570.0,7,7
2024-08,Gastrointestinal,15679.18,348,17,0.19914117647058824,0.29411764705882354,2024-08-01,25841.25,24751.7,584.0,29.0,0.2007448275862069,0.27586206896551724,24319.13,544.6666666666666,8,8
2024-09,Gastrointestinal,18974.17,424,21,0.21546190476190477,0.2857142857142857,2024-09-01,15679.18,25841.25,348.0,17.0,0.19914117647058824,0.29411764705882354,22090.710000000003,496.0,9,9
2024-10,Gastrointestinal,17223.79,395,17,0.22117058823529412,0.4117647058823529,2024-10-01,18974.17,15679.18,424.0,21.0,0.21546190476190477,0.2857142857142857,20164.86666666667,452.0,10,10
2024-11,Gastrointestinal,9722.61,213,10,0.19039,0.1,2024-11-01,17223.79,18974.17,395.0,17.0,0.22117058823529412,0.4117647058823529,17292.38,389.0,11,11
2024-12,Gastrointestinal,15731.970000000001,359,16,0.21243125,0.1875,2024-12-01,9722.61,17223.79,213.0,10.0,0.19039,0.1,15306.856666666665,344.0,12,12
2025-01,Gastrointestinal,26736.03,597,22,0.2086181818181818,0.36363636363636365,2025-01-01,15731.970000000001,9722.61,359.0,16.0,0.21243125,0.1875,14226.123333333335,322.3333333333333,1,13
2025-02,Gastrointestinal,16301.59,359,15,0.17871333333333334,0.13333333333333333,2025-02-01,26736.03,15731.970000000001,597.0,22.0,0.2086181818181818,0.36363636363636365,17396.87,389.6666666666667,2,14
2025-03,Gastrointestinal,17339.91,377,16,0.17785625,0.375,2025-03-01,16301.59,26736.03,359.0,15.0,0.17871333333333334,0.13333333333333333,19589.86333333333,438.3333333333333,3,15
2025-04,Gastrointestinal,21780.08,515,17,0.24436470588235296,0.5882352941176471,2025-04-01,17339.91,16301.59,377.0,16.0,0.17785625,0.375,20125.843333333334,444.3333333333333,4,16
2025-05,Gastrointestinal,30029.21,671,23,0.19463913043478262,0.30434782608695654,2025-05-01,21780.08,17339.91,515.0,17.0,0.24436470588235296,0.5882352941176471,18473.86,417.0,5,17
2025-06,Gastrointestinal,21254.14,472,17,0.20763529411764706,0.29411764705882354,2025-06-01,30029.21,21780.08,671.0,23.0,0.19463913043478262,0.30434782608695654,23049.733333333337,521.0,6,18
2025-07,Gastrointestinal,20239.94,454,16,0.21408125,0.375,2025-07-01,21254.14,30029.21,472.0,17.0,0.20763529411764706,0.29411764705882354,24354.476666666666,552.6666666666666,7,19
2025-08,Gastrointestinal,14185.039999999999,310,15,0.18687333333333334,0.26666666666666666,2025-08-01,20239.94,21254.14,454.0,16.0,0.21408125,0.375,23841.096666666665,532.3333333333334,8,20
2025-09,Gastrointestinal,23276.3,498,22,0.18547272727272726,0.2727272727272727,2025-09-01,14185.039999999999,20239.94,310.0,15.0,0.18687333333333334,0.26666666666666666,18559.706666666665,412.0,9,21
2025-10,Gastrointestinal,23263.19,506,21,0.18385238095238096,0.19047619047619047,2025-10-01,23276.3,14185.039999999999,498.0,22.0,0.18547272727272726,0.2727272727272727,19233.76,420.6666666666667,10,22
2025-11,Gastrointestinal,22102.34,484,20,0.20997500000000002,0.55,2025-11-01,23263.19,23276.3,506.0,21.0,0.18385238095238096,0.19047619047619047,20241.51,438.0,11,23
2025-12,Gastrointestinal,21138.46,469,19,0.1972,0.42105263157894735,2025-12-01,22102.34,23263.19,484.0,20.0,0.20997500000000002,0.55,22880.61,496.0,12,24
2024-01,Geriatrics,15984.53,353,19,0.17377894736842106,0.10526315789473684,2024-01-01,,,,,,,,,1,1
2024-02,Geriatrics,15060.44,361,18,0.20639444444444444,0.2222222222222222,2024-02-01,15984.53,,353.0,19.0,0.17377894736842106,0.10526315789473684,15984.53,353.0,2,2
2024-03,Geriatrics,10247.76,225,12,0.18010833333333334,0.16666666666666666,2024-03-01,15060.44,15984.53,361.0,18.0,0.20639444444444444,0.2222222222222222,15522.485,357.0,3,3
2024-04,Geriatrics,20240.16,466,24,0.19129583333333333,0.16666666666666666,2024-04-01,10247.76,15060.44,225.0,12.0,0.18010833333333334,0.16666666666666666,13764.243333333334,313.0,4,4
2024-05,Geriatrics,15707.45,348,19,0.1921842105263158,0.15789473684210525,2024-05-01,20240.16,10247.76,466.0,24.0,0.19129583333333333,0.16666666666666666,15182.786666666667,350.6666666666667,5,5
2024-06,Geriatrics,11471.28,263,15,0.19485999999999998,0.06666666666666667,2024-06-01,15707.45,20240.16,348.0,19.0,0.1921842105263158,0.15789473684210525,15398.456666666665,346.3333333333333,6,6
2024-07,Geriatrics,10883.47,258,15,0.20468666666666666,0.13333333333333333,2024-07-01,11471.28,15707.45,263.0,15.0,0.19485999999999998,0.06666666666666667,15806.296666666667,359.0,7,7
2024-08,Geriatrics,19925.420000000002,444,26,0.1994230769230769,0.15384615384615385,2024-08-01,10883.47,11471.28,258.0,15.0,0.20468666666666666,0.13333333333333333,12687.4,289.6666666666667,8,8
2024-09,Geriatrics,13768.17,326,22,0.2096909090909091,0.22727272727272727,2024-09-01,19925.420000000002,10883.47,444.0,26.0,0.1994230769230769,0.15384615384615385,14093.39,321.6666666666667,9,9
2024-10,Geriatrics,15946.79,361,20,0.197905,0.25,2024-10-01,13768.17,19925.420000000002,326.0,22.0,0.2096909090909091,0.22727272727272727,14859.020000000002,342.6666666666667,10,10
2024-11,Geriatrics,12895.4,294,20,0.16569,0.15,2024-11-01,15946.79,13768.17,361.0,20.0,0.197905,0.25,16546.793333333335,377.0,11,11
2024-12,Geriatrics,12418.6,264,16,0.173225,0.125,2024-12-01,12895.4,15946.79,294.0,20.0,0.16569,0.15,14203.453333333333,327.0,12,12
2025-01,Geriatrics,15932.48,384,21,0.2210047619047619,0.3333333333333333,2025-01-01,12418.6,12895.4,264.0,16.0,0.173225,0.125,13753.596666666666,306.3333333333333,1,13
2025-02,Geriatrics,10331.79,228,12,0.17332499999999998,0.25,2025-02-01,15932.48,12418.6,384.0,21.0,0.2210047619047619,0.3333333333333333,13748.826666666668,314.0,2,14
2025-03,Geriatrics,18974.44,447,25,0.20995999999999998,0.2,2025-03-01,10331.79,15932.48,228.0,12.0,0.17332499999999998,0.25,12894.29,292.0,3,15
2025-04,Geriatrics,10941.67,270,14,0.22057142857142858,0.2857142857142857,2025-04-01,18974.44,10331.79,447.0,25.0,0.20995999999999998,0.2,15079.57,353.0,4,16
2025-05,Geriatrics,13323.75,297,15,0.17874666666666666,0.3333333333333333,2025-05-01,10941.67,18974.44,270.0,14.0,0.22057142857142858,0.2857142857142857,13415.966666666665,315.0,5,17
2025-06,Geriatrics,22930.86,509,25,0.184236,0.16,2025-06-01,13323.75,10941.67,297.0,15.0,0.17874666666666666,0.3333333333333333,14413.286666666665,338.0,6,18
2025-07,Geriatrics,16555.72,371,20,0.16963999999999999,0.15,2025-07-01,22930.86,13323.75,509.0,25.0,0.184236,0.16,15732.093333333332,358.6666666666667,7,19
2025-08,Geriatrics,10767.56,251,15,0.20914666666666668,0.13333333333333333,2025-08-01,16555.72,22930.86,371.0,20.0,0.16963999999999999,0.15,17603.443333333333,392.3333333333333,8,20
2025-09,Geriatrics,13718.87,315,20,0.20499499999999998,0.15,2025-09-01,10767.56,16555.72,251.0,15.0,0.20914666666666668,0.13333333333333333,16751.38,377.0,9,21
2025-10,Geriatrics,15235.92,354,22,0.19705454545454548,0.22727272727272727,2025-10-01,13718.87,10767.56,315.0,20.0,0.20499499999999998,0.15,13680.716666666667,312.3333333333333,10,22
2025-11,Geriatrics,22763.37,522,27,0.20206296296296297,0.037037037037037035,2025-11-01,15235.92,13718.87,354.0,22.0,0.19705454545454548,0.22727272727272727,13240.783333333333,306.6666666666667,11,23
2025-12,Geriatrics,14524.2,307,18,0.16970555555555555,0.05555555555555555,2025-12-01,22763.37,15235.92,522.0,27.0,0.20206296296296297,0.037037037037037035,17239.38666666667,397.0,12,24
2024-01,Hepatology,864.19,24,7,0.16434285714285715,0.0,2024-01-01,,,,,,,,,1,1
2024-02,Hepatology,509.7,14,4,0.17915,0.0,2024-02-01,864.19,,24.0,7.0,0.16434285714285715,0.0,864.19,24.0,2,2
2024-03,Hepatology,187.93,5,3,0.17673333333333333,0.0,2024-03-01,509.7,864.19,14.0,4.0,0.17915,0.0,686.945,19.0,3,3
2024-04,Hepatology,990.8,26,6,0.15998333333333334,0.16666666666666666,2024-04-01,187.93,509.7,5.0,3.0,0.17673333333333333,0.0,520.6066666666667,14.333333333333334,4,4
2024-05,Hepatology,711.49,22,4,0.20405,0.0,2024-05-01,990.8,187.93,26.0,6.0,0.15998333333333334,0.16666666666666666,562.81,15.0,5,5
2024-06,Hepatology,1061.65,31,7,0.19181428571428571,0.0,2024-06-01,711.49,990.8,22.0,4.0,0.20405,0.0,630.0733333333333,17.666666666666668,6,6
2024-07,Hepatology,903.38,26,9,0.1912111111111111,0.0,2024-07-01,1061.65,711.49,31.0,7.0,0.19181428571428571,0.0,921.3133333333334,26.333333333333332,7,7
2024-08,Hepatology,732.12,19,8,0.15936250000000002,0.0,2024-08-01,903.38,1061.65,26.0,9.0,0.1912111111111111,0.0,892.1733333333333,26.333333333333332,8,8
2024-09,Hepatology,731.69,22,7,0.227,0.0,2024-09-01,732.12,903.38,19.0,8.0,0.15936250000000002,0.0,899.0500000000001,25.333333333333332,9,9
2024-10,Hepatology,948.23,27,6,0.17911666666666667,0.16666666666666666,2024-10-01,731.69,732.12,22.0,7.0,0.227,0.0,789.0633333333334,22.333333333333332,10,10
2024-11,Hepatology,878.97,24,7,0.18992857142857142,0.0,2024-11-01,948.23,731.69,27.0,6.0,0.17911666666666667,0.16666666666666666,804.0133333333333,22.666666666666668,11,11
2024-12,Hepatology,842.9200000000001,27,9,0.23885555555555557,0.1111111111111111,2024-12-01,878.97,948.23,24.0,7.0,0.18992857142857142,0.0,852.9633333333335,24.333333333333332,12,12
2025-01,Hepatology,317.71999999999997,10,4,0.22565000000000002,0.0,2025-01-01,842.9200000000001,878.97,27.0,9.0,0.23885555555555557,0.1111111111111111,890.04,26.0,1,13
2025-02,Hepatology,444.73,12,3,0.1332,0.3333333333333333,2025-02-01,317.71999999999997,842.9200000000001,10.0,4.0,0.22565000000000002,0.0,679.87,20.333333333333332,2,14
2025-03,Hepatology,829.1,29,5,0.31976,0.0,2025-03-01,444.73,317.71999999999997,12.0,3.0,0.1332,0.3333333333333333,535.1233333333333,16.333333333333332,3,15
2025-04,Hepatology,689.0,20,6,0.15255,0.0,2025-04-01,829.1,444.73,29.0,5.0,0.31976,0.0,530.5166666666667,17.0,4,16
2025-05,Hepatology,1230.44,36,10,0.17409,0.0,2025-05-01,689.0,829.1,20.0,6.0,0.15255,0.0,654.2766666666666,20.333333333333332,5,17
2025-06,Hepatology,789.4399999999999,25,6,0.19623333333333334,0.16666666666666666,2025-06-01,1230.44,689.0,36.0,10.0,0.17409,0.0,916.18,28.333333333333332,6,18
2025-07,Hepatology,526.72,14,5,0.12532000000000001,0.0,2025-07-01,789.4399999999999,1230.44,25.0,6.0,0.19623333333333334,0.16666666666666666,902.96,27.0,7,19
2025-08,Hepatology,814.39,22,7,0.1530142857142857,0.14285714285714285,2025-08-01,526.72,789.4399999999999,14.0,5.0,0.12532000000000001,0.0,848.8666666666667,25.0,8,20
2025-09,Hepatology,192.26,5,2,0.10635,0.0,2025-09-01,814.39,526.72,22.0,7.0,0.1530142857142857,0.14285714285714285,710.1833333333334,20.333333333333332,9,21
2025-10,Hepatology,529.25,16,5,0.18361999999999998,0.2,2025-10-01,192.26,814.39,5.0,2.0,0.10635,0.0,511.1233333333333,13.666666666666666,10,22
2025-11,Hepatology,897.93,26,7,0.20270000000000002,0.0,2025-11-01,529.25,192.26,16.0,5.0,0.18361999999999998,0.2,511.9666666666667,14.333333333333334,11,23
2025-12,Hepatology,487.07,14,5,0.17396,0.0,2025-12-01,897.93,529.25,26.0,7.0,0.20270000000000002,0.0,539.8133333333334,15.666666666666666,12,24
2024-01,Hormonal Therapy,28420.38,627,29,0.18745517241379311,0.2413793103448276,2024-01-01,,,,,,,,,1,1
2024-02,Hormonal Therapy,16255.62,365,14,0.21085714285714285,0.35714285714285715,2024-02-01,28420.38,,627.0,29.0,0.18745517241379311,0.2413793103448276,28420.38,627.0,2,2
2024-03,Hormonal Therapy,16931.14,388,14,0.1870285714285714,0.35714285714285715,2024-03-01,16255.62,28420.38,365.0,14.0,0.21085714285714285,0.35714285714285715,22338.0,496.0,3,3
2024-04,Hormonal Therapy,15030.7,362,13,0.24289230769230769,0.38461538461538464,2024-04-01,16931.14,16255.62,388.0,14.0,0.1870285714285714,0.35714285714285715,20535.713333333333,460.0,4,4
2024-05,Hormonal Therapy,19481.85,415,15,0.20229333333333333,0.13333333333333333,2024-05-01,15030.7,16931.14,362.0,13.0,0.24289230769230769,0.38461538461538464,16072.486666666664,371.6666666666667,5,5
2024-06,Hormonal Therapy,28451.75,604,21,0.17181904761904762,0.14285714285714285,2024-06-01,19481.85,15030.7,415.0,15.0,0.20229333333333333,0.13333333333333333,17147.896666666667,388.3333333333333,6,6
2024-07,Hormonal Therapy,21769.19,493,20,0.203845,0.15,2024-07-01,28451.75,19481.85,604.0,21.0,0.17181904761904762,0.14285714285714285,20988.100000000002,460.3333333333333,7,7
2024-08,Hormonal Therapy,21385.2,470,18,0.16224444444444444,0.3333333333333333,2024-08-01,21769.19,28451.75,493.0,20.0,0.203845,0.15,23234.263333333336,504.0,8,8
2024-09,Hormonal Therapy,9195.75,207,9,0.19562222222222223,0.4444444444444444,2024-09-01,21385.2,21769.19,470.0,18.0,0.16224444444444444,0.3333333333333333,23868.713333333333,522.3333333333334,9,9
2024-10,Hormonal Therapy,28691.57,638,25,0.182008,0.4,2024-10-01,9195.75,21385.2,207.0,9.0,0.19562222222222223,0.4444444444444444,17450.046666666665,390.0,10,10
2024-11,Hormonal Therapy,30171.62,655,28,0.16873571428571427,0.10714285714285714,2024-11-01,28691.57,9195.75,638.0,25.0,0.182008,0.4,19757.506666666668,438.3333333333333,11,11
2024-12,Hormonal Therapy,24172.27,535,22,0.1878,0.3181818181818182,2024-12-01,30171.62,28691.57,655.0,28.0,0.16873571428571427,0.10714285714285714,22686.313333333335,500.0,12,12
2025-01,Hormonal Therapy,31102.25,728,27,0.1955888888888889,0.3333333333333333,2025-01-01,24172.27,30171.62,535.0,22.0,0.1878,0.3181818181818182,27678.486666666668,609.3333333333334,1,13
2025-02,Hormonal Therapy,21297.35,484,15,0.20744,0.26666666666666666,2025-02-01,31102.25,24172.27,728.0,27.0,0.1955888888888889,0.3333333333333333,28482.046666666665,639.3333333333334,2,14
2025-03,Hormonal Therapy,14702.7,305,11,0.1325181818181818,0.18181818181818182,2025-03-01,21297.35,31102.25,484.0,15.0,0.20744,0.26666666666666666,25523.956666666665,582.3333333333334,3,15
2025-04,Hormonal Therapy,37649.26,850,24,0.2058458333333333,0.375,2025-04-01,14702.7,21297.35,305.0,11.0,0.1325181818181818,0.18181818181818182,22367.43333333333,505.6666666666667,4,16
2025-05,Hormonal Therapy,20726.85,461,17,0.17831764705882353,0.29411764705882354,2025-05-01,37649.26,14702.7,850.0,24.0,0.2058458333333333,0.375,24549.77,546.3333333333334,5,17
2025-06,Hormonal Therapy,27466.0,617,19,0.19195263157894737,0.47368421052631576,2025-06-01,20726.85,37649.26,461.0,17.0,0.17831764705882353,0.29411764705882354,24359.603333333333,538.6666666666666,6,18
2025-07,Hormonal Therapy,28860.96,649,24,0.18992916666666668,0.16666666666666666,2025-07-01,27466.0,20726.85,617.0,19.0,0.19195263157894737,0.47368421052631576,28614.036666666667,642.6666666666666,7,19
2025-08,Hormonal Therapy,19850.5,415,16,0.1552625,0.3125,2025-08-01,28860.96,27466.0,649.0,24.0,0.18992916666666668,0.16666666666666666,25684.603333333333,575.6666666666666,8,20
2025-09,Hormonal Therapy,20972.73,474,17,0.19081764705882354,0.4117647058823529,2025-09-01,19850.5,28860.96,415.0,16.0,0.1552625,0.3125,25392.486666666664,560.3333333333334,9,21
2025-10,Hormonal Therapy,26510.71,585,19,0.1767421052631579,0.21052631578947367,2025-10-01,20972.73,19850.5,474.0,17.0,0.19081764705882354,0.4117647058823529,23228.063333333335,512.6666666666666,10,22
2025-11,Hormonal Therapy,23100.27,533,19,0.1991105263157895,0.3157894736842105,2025-11-01,26510.71,20972.73,585.0,19.0,0.1767421052631579,0.21052631578947367,22444.646666666667,491.3333333333333,11,23
2025-12,Hormonal Therapy,26325.38,597,19,0.20107894736842105,0.631578947368421,2025-12-01,23100.27,26510.71,533.0,19.0,0.1991105263157895,0.3157894736842105,23527.903333333332,530.6666666666666,12,24
2024-01,Hypertension,22054.11,470,19,0.19368947368421052,0.3157894736842105,2024-01-01,,,,,,,,,1,1
2024-02,Hypertension,17959.78,405,15,0.19964666666666667,0.2,2024-02-01,22054.11,,470.0,19.0,0.19368947368421052,0.3157894736842105,22054.11,470.0,2,2
2024-03,Hypertension,19733.19,429,14,0.1813357142857143,0.35714285714285715,2024-03-01,17959.78,22054.11,405.0,15.0,0.19964666666666667,0.2,20006.945,437.5,3,3
2024-04,Hypertension,19844.73,446,15,0.22699999999999998,0.4666666666666667,2024-04-01,19733.19,17959.78,429.0,14.0,0.1813357142857143,0.35714285714285715,19915.693333333333,434.6666666666667,4,4
2024-05,Hypertension,24416.97,540,19,0.19841052631578948,0.21052631578947367,2024-05-01,19844.73,19733.19,446.0,15.0,0.22699999999999998,0.4666666666666667,19179.233333333334,426.6666666666667,5,5
2024-06,Hypertension,23014.53,503,17,0.2096705882352941,0.29411764705882354,2024-06-01,24416.97,19844.73,540.0,19.0,0.19841052631578948,0.21052631578947367,21331.63,471.6666666666667,6,6
2024-07,Hypertension,26729.02,596,21,0.21202857142857146,0.42857142857142855,2024-07-01,23014.53,24416.97,503.0,17.0,0.2096705882352941,0.29411764705882354,22425.41,496.3333333333333,7,7
2024-08,Hypertension,23496.15,516,20,0.21568,0.2,2024-08-01,26729.02,23014.53,596.0,21.0,0.21202857142857146,0.42857142857142855,24720.173333333336,546.3333333333334,8,8
2024-09,Hypertension,22394.61,479,18,0.17458888888888888,0.2222222222222222,2024-09-01,23496.15,26729.02,516.0,20.0,0.21568,0.2,24413.233333333334,538.3333333333334,9,9
2024-10,Hypertension,13558.960000000001,295,12,0.1797,0.08333333333333333,2024-10-01,22394.61,23496.15,479.0,18.0,0.17458888888888888,0.2222222222222222,24206.593333333334,530.3333333333334,10,10
2024-11,Hypertension,23832.829999999998,501,21,0.18302857142857143,0.3333333333333333,2024-11-01,13558.960000000001,22394.61,295.0,12.0,0.1797,0.08333333333333333,19816.573333333334,430.0,11,11
2024-12,Hypertension,22270.08,486,17,0.20857647058823528,0.23529411764705882,2024-12-01,23832.829999999998,13558.960000000001,501.0,21.0,0.18302857142857143,0.3333333333333333,19928.8,425.0,12,12
2025-01,Hypertension,38990.0,863,28,0.2175357142857143,0.4642857142857143,2025-01-01,22270.08,23832.829999999998,486.0,17.0,0.20857647058823528,0.23529411764705882,19887.289999999997,427.3333333333333,1,13
2025-02,Hypertension,20139.489999999998,433,13,0.2049153846153846,0.38461538461538464,2025-02-01,38990.0,22270.08,863.0,28.0,0.2175357142857143,0.4642857142857143,28364.303333333333,616.6666666666666,2,14
2025-03,Hypertension,27970.79,618,19,0.2035,0.15789473684210525,2025-03-01,20139.489999999998,38990.0,433.0,13.0,0.2049153846153846,0.38461538461538464,27133.190000000002,594.0,3,15
2025-04,Hypertension,29525.87,642,17,0.2131235294117647,0.47058823529411764,2025-04-01,27970.79,20139.489999999998,618.0,19.0,0.2035,0.15789473684210525,29033.426666666666,638.0,4,16
2025-05,Hypertension,24474.9,519,17,0.17880588235294118,0.29411764705882354,2025-05-01,29525.87,27970.79,642.0,17.0,0.2131235294117647,0.47058823529411764,25878.716666666664,564.3333333333334,5,17
2025-06,Hypertension,24464.34,533,16,0.1899,0.4375,2025-06-01,24474.9,29525.87,519.0,17.0,0.17880588235294118,0.29411764705882354,27323.853333333333,593.0,6,18
2025-07,Hypertension,30883.54,655,19,0.18568947368421054,0.42105263157894735,2025-07-01,24464.34,24474.9,533.0,16.0,0.1899,0.4375,26155.036666666667,564.6666666666666,7,19
2025-08,Hypertension,34216.49,741,22,0.21862272727272727,0.36363636363636365,2025-08-01,30883.54,24464.34,655.0,19.0,0.18568947368421054,0.42105263157894735,26607.593333333334,569.0,8,20
2025-09,Hypertension,27842.95,628,19,0.21964736842105265,0.47368421052631576,2025-09-01,34216.49,30883.54,741.0,22.0,0.21862272727272727,0.36363636363636365,29854.789999999997,643.0,9,21
2025-10,Hypertension,15493.68,326,12,0.2026416666666667,0.25,2025-10-01,27842.95,34216.49,628.0,19.0,0.21964736842105265,0.47368421052631576,30980.993333333332,674.6666666666666,10,22
2025-11,Hypertension,22493.3,533,16,0.23329375,0.375,2025-11-01,15493.68,27842.95,326.0,12.0,0.2026416666666667,0.25,25851.039999999997,565.0,11,23
2025-12,Hypertension,27570.84,597,19,0.18159473684210525,0.2631578947368421,2025-12-01,22493.3,15493.68,533.0,16.0,0.23329375,0.375,21943.309999999998,495.6666666666667,12,24
2024-01,Immunology,40923.93,520,19,0.1563,0.05263157894736842,2024-01-01,,,,,,,,,1,1
2024-02,Immunology,51426.04,686,22,0.19070454545454546,0.0,2024-02-01,40923.93,,520.0,19.0,0.1563,0.05263157894736842,40923.93,520.0,2,2
2024-03,Immunology,32630.8,421,13,0.18937692307692308,0.15384615384615385,2024-03-01,51426.04,40923.93,686.0,22.0,0.19070454545454546,0.0,46174.985,603.0,3,3
2024-04,Immunology,78868.77,1098,27,0.22663333333333335,0.2962962962962963,2024-04-01,32630.8,51426.04,421.0,13.0,0.18937692307692308,0.15384615384615385,41660.25666666667,542.3333333333334,4,4
2024-05,Immunology,33512.99,443,12,0.19347499999999998,0.08333333333333333,2024-05-01,78868.77,32630.8,1098.0,27.0,0.22663333333333335,0.2962962962962963,54308.53666666666,735.0,5,5
2024-06,Immunology,84226.46,1057,27,0.17284074074074077,0.07407407407407407,2024-06-01,33512.99,78868.77,443.0,12.0,0.19347499999999998,0.08333333333333333,48337.52,654.0,6,6
2024-07,Immunology,44106.630000000005,583,17,0.1924764705882353,0.058823529411764705,2024-07-01,84226.46,33512.99,1057.0,27.0,0.17284074074074077,0.07407407407407407,65536.07333333335,866.0,7,7
2024-08,Immunology,56517.63,772,21,0.19774285714285714,0.09523809523809523,2024-08-01,44106.630000000005,84226.46,583.0,17.0,0.1924764705882353,0.058823529411764705,53948.693333333336,694.3333333333334,8,8
2024-09,Immunology,47181.36,602,17,0.16716470588235294,0.17647058823529413,2024-09-01,56517.63,44106.630000000005,772.0,21.0,0.19774285714285714,0.09523809523809523,61616.90666666668,804.0,9,9
2024-10,Immunology,71209.49,923,25,0.177788,0.08,2024-10-01,47181.36,56517.63,602.0,17.0,0.16716470588235294,0.17647058823529413,49268.54,652.3333333333334,10,10
2024-11,Immunology,87905.19,1170,34,0.18864411764705882,0.17647058823529413,2024-11-01,71209.49,47181.36,923.0,25.0,0.177788,0.08,58302.82666666667,765.6666666666666,11,11
2024-12,Immunology,93405.74,1156,28,0.1597107142857143,0.07142857142857142,2024-12-01,87905.19,71209.49,1170.0,34.0,0.18864411764705882,0.17647058823529413,68765.34666666666,898.3333333333334,12,12
2025-01,Immunology,82689.29000000001,1112,23,0.20505217391304348,0.043478260869565216,2025-01-01,93405.74,87905.19,1156.0,28.0,0.1597107142857143,0.07142857142857142,84173.47333333334,1083.0,1,13
2025-02,Immunology,77621.94,996,19,0.1727157894736842,0.10526315789473684,2025-02-01,82689.29000000001,93405.74,1112.0,23.0,0.20505217391304348,0.043478260869565216,88000.07333333335,1146.0,2,14
2025-03,Immunology,51158.619999999995,677,11,0.20286363636363636,0.2727272727272727,2025-03-01,77621.94,82689.29000000001,996.0,19.0,0.1727157894736842,0.10526315789473684,84572.32333333335,1088.0,3,15
2025-04,Immunology,84450.09,1148,20,0.20745999999999998,0.25,2025-04-01,51158.619999999995,77621.94,677.0,11.0,0.20286363636363636,0.2727272727272727,70489.95000000001,928.3333333333334,4,16
2025-05,Immunology,89274.83,1201,22,0.19601363636363633,0.09090909090909091,2025-05-01,84450.09,51158.619999999995,1148.0,20.0,0.20745999999999998,0.25,71076.88333333333,940.3333333333334,5,17
2025-06,Immunology,64694.85,866,18,0.18638888888888888,0.05555555555555555,2025-06-01,89274.83,84450.09,1201.0,22.0,0.19601363636363633,0.09090909090909091,74961.18,1008.6666666666666,6,18
2025-07,Immunology,100066.05,1322,28,0.19087142857142858,0.17857142857142858,2025-07-01,64694.85,89274.83,866.0,18.0,0.18638888888888888,0.05555555555555555,79473.25666666667,1071.6666666666667,7,19
2025-08,Immunology,94623.61,1174,23,0.17097391304347825,0.17391304347826086,2025-08-01,100066.05,64694.85,1322.0,28.0,0.19087142857142858,0.17857142857142858,84678.57666666668,1129.6666666666667,8,20
2025-09,Immunology,75011.41,1021,24,0.20245833333333332,0.125,2025-09-01,94623.61,100066.05,1174.0,23.0,0.17097391304347825,0.17391304347826086,86461.50333333334,1120.6666666666667,9,21
2025-10,Immunology,30029.4,402,12,0.189825,0.25,2025-10-01,75011.41,94623.61,1021.0,24.0,0.20245833333333332,0.125,89900.35666666667,1172.3333333333333,10,22
2025-11,Immunology,95155.51,1222,29,0.17450000000000002,0.034482758620689655,2025-11-01,30029.4,75011.41,402.0,12.0,0.189825,0.25,66554.80666666667,865.6666666666666,11,23
2025-12,Immunology,106173.41,1423,30,0.18111666666666668,0.1,2025-12-01,95155.51,30029.4,1222.0,29.0,0.17450000000000002,0.034482758620689655,66732.10666666667,881.6666666666666,12,24
2024-01,Insulin,4297.23,122,8,0.1668875,0.25,2024-01-01,,,,,,,,,1,1
2024-02,Insulin,6390.91,193,13,0.17982307692307692,0.15384615384615385,2024-02-01,4297.23,,122.0,8.0,0.1668875,0.25,4297.23,122.0,2,2
2024-03,Insulin,9787.57,307,15,0.22279333333333332,0.4,2024-03-01,6390.91,4297.23,193.0,13.0,0.17982307692307692,0.15384615384615385,5344.07,157.5,3,3
2024-04,Insulin,6579.77,188,11,0.15124545454545454,0.2727272727272727,2024-04-01,9787.57,6390.91,307.0,15.0,0.22279333333333332,0.4,6825.236666666667,207.33333333333334,4,4
2024-05,Insulin,6589.0599999999995,195,12,0.17200833333333332,0.16666666666666666,2024-05-01,6579.77,9787.57,188.0,11.0,0.15124545454545454,0.2727272727272727,7586.083333333333,229.33333333333334,5,5
2024-06,Insulin,3187.77,105,8,0.2033625,0.25,2024-06-01,6589.0599999999995,6579.77,195.0,12.0,0.17200833333333332,0.16666666666666666,7652.133333333334,230.0,6,6
2024-07,Insulin,5576.58,183,13,0.22751538461538462,0.07692307692307693,2024-07-01,3187.77,6589.0599999999995,105.0,8.0,0.2033625,0.25,5452.2,162.66666666666666,7,7
2024-08,Insulin,5195.17,149,10,0.14388,0.1,2024-08-01,5576.58,3187.77,183.0,13.0,0.22751538461538462,0.07692307692307693,5117.803333333333,161.0,8,8
2024-09,Insulin,4483.93,146,8,0.2226875,0.5,2024-09-01,5195.17,5576.58,149.0,10.0,0.14388,0.1,4653.173333333333,145.66666666666666,9,9
2024-10,Insulin,3489.2,103,9,0.13306666666666667,0.1111111111111111,2024-10-01,4483.93,5195.17,146.0,8.0,0.2226875,0.5,5085.2266666666665,159.33333333333334,10,10
2024-11,Insulin,5369.7,158,11,0.15792727272727272,0.18181818181818182,2024-11-01,3489.2,4483.93,103.0,9.0,0.13306666666666667,0.1111111111111111,4389.433333333333,132.66666666666666,11,11
2024-12,Insulin,5835.78,179,10,0.21318,0.1,2024-12-01,5369.7,3489.2,158.0,11.0,0.15792727272727272,0.18181818181818182,4447.61,135.66666666666666,12,12
2025-01,Insulin,5190.1900000000005,174,10,0.23707000000000003,0.2,2025-01-01,5835.78,5369.7,179.0,10.0,0.21318,0.1,4898.2266666666665,146.66666666666666,1,13
2025-02,Insulin,6522.0599999999995,212,13,0.2091153846153846,0.07692307692307693,2025-02-01,5190.1900000000005,5835.78,174.0,10.0,0.23707000000000003,0.2,5465.223333333332,170.33333333333334,2,14
2025-03,Insulin,8654.64,267,14,0.19747857142857142,0.35714285714285715,2025-03-01,6522.0599999999995,5190.1900000000005,212.0,13.0,0.2091153846153846,0.07692307692307693,5849.343333333333,188.33333333333334,3,15
2025-04,Insulin,8912.35,255,13,0.14359230769230769,0.15384615384615385,2025-04-01,8654.64,6522.0599999999995,267.0,14.0,0.19747857142857142,0.35714285714285715,6788.963333333333,217.66666666666666,4,16
2025-05,Insulin,5129.74,163,10,0.16579,0.1,2025-05-01,8912.35,8654.64,255.0,13.0,0.14359230769230769,0.15384615384615385,8029.683333333332,244.66666666666666,5,17
2025-06,Insulin,6678.07,204,10,0.1937,0.3,2025-06-01,5129.74,8912.35,163.0,10.0,0.16579,0.1,7565.576666666667,228.33333333333334,6,18
2025-07,Insulin,4414.77,127,8,0.1696875,0.125,2025-07-01,6678.07,5129.74,204.0,10.0,0.1937,0.3,6906.72,207.33333333333334,7,19
2025-08,Insulin,6496.34,187,12,0.17019166666666666,0.08333333333333333,2025-08-01,4414.77,6678.07,127.0,8.0,0.1696875,0.125,5407.526666666667,164.66666666666666,8,20
2025-09,Insulin,2283.23,72,4,0.24780000000000002,0.25,2025-09-01,6496.34,4414.77,187.0,12.0,0.17019166666666666,0.08333333333333333,5863.06,172.66666666666666,9,21
2025-10,Insulin,6024.48,186,11,0.20992727272727274,0.36363636363636365,2025-10-01,2283.23,6496.34,72.0,4.0,0.24780000000000002,0.25,4398.113333333334,128.66666666666666,10,22
2025-11,Insulin,2711.0299999999997,80,5,0.1501,0.0,2025-11-01,6024.48,2283.23,186.0,11.0,0.20992727272727274,0.36363636363636365,4934.683333333333,148.33333333333334,11,23
2025-12,Insulin,4830.6900000000005,145,8,0.1994,0.25,2025-12-01,2711.0299999999997,6024.48,80.0,5.0,0.1501,0.0,3672.9133333333325,112.66666666666667,12,24
2024-01,Lipid Management,1427.8899999999999,46,7,0.15901428571428572,0.0,2024-01-01,,,,,,,,,1,1
2024-02,Lipid Management,329.21000000000004,11,2,0.23199999999999998,0.0,2024-02-01,1427.8899999999999,,46.0,7.0,0.15901428571428572,0.0,1427.8899999999999,46.0,2,2
2024-03,Lipid Management,664.87,20,3,0.15766666666666665,0.0,2024-03-01,329.21000000000004,1427.8899999999999,11.0,2.0,0.23199999999999998,0.0,878.55,28.5,3,3
2024-04,Lipid Management,192.4,7,2,0.22845,0.0,2024-04-01,664.87,329.21000000000004,20.0,3.0,0.15766666666666665,0.0,807.3233333333333,25.666666666666668,4,4
2024-05,Lipid Management,507.95,16,3,0.1049,0.0,2024-05-01,192.4,664.87,7.0,2.0,0.22845,0.0,395.49333333333334,12.666666666666666,5,5
2024-06,Lipid Management,896.75,29,5,0.16166,0.0,2024-06-01,507.95,192.4,16.0,3.0,0.1049,0.0,455.0733333333333,14.333333333333334,6,6
2024-07,Lipid Management,415.1,15,4,0.168125,0.0,2024-07-01,896.75,507.95,29.0,5.0,0.16166,0.0,532.3666666666667,17.333333333333332,7,7
2024-08,Lipid Management,338.57,11,3,0.1348,0.0,2024-08-01,415.1,896.75,15.0,4.0,0.168125,0.0,606.6,20.0,8,8
2024-09,Lipid Management,216.37,8,2,0.2784,0.0,2024-09-01,338.57,415.1,11.0,3.0,0.1348,0.0,550.14,18.333333333333332,9,9
2024-10,Lipid Management,312.55,12,2,0.24664999999999998,0.0,2024-10-01,216.37,338.57,8.0,2.0,0.2784,0.0,323.34666666666664,11.333333333333334,10,10
2024-11,Lipid Management,571.78,20,5,0.1711,0.0,2024-11-01,312.55,216.37,12.0,2.0,0.24664999999999998,0.0,289.16333333333336,10.333333333333334,11,11
2025-01,Lipid Management,650.7,21,3,0.14486666666666667,0.0,2025-01-01,571.78,312.55,20.0,5.0,0.1711,0.0,366.90000000000003,13.333333333333334,1,13
2025-02,Lipid Management,906.12,32,7,0.18971428571428572,0.0,2025-02-01,650.7,571.78,21.0,3.0,0.14486666666666667,0.0,511.6766666666667,17.666666666666668,2,14
2025-03,Lipid Management,566.1,20,4,0.20802500000000002,0.0,2025-03-01,906.12,650.7,32.0,7.0,0.18971428571428572,0.0,709.5333333333333,24.333333333333332,3,15
2025-04,Lipid Management,726.98,26,6,0.2277,0.0,2025-04-01,566.1,906.12,20.0,4.0,0.20802500000000002,0.0,707.64,24.333333333333332,4,16
2025-05,Lipid Management,281.64,9,1,0.0598,0.0,2025-05-01,726.98,566.1,26.0,6.0,0.2277,0.0,733.0666666666666,26.0,5,17
2025-07,Lipid Management,97.75,3,1,0.0784,0.0,2025-07-01,281.64,726.98,9.0,1.0,0.0598,0.0,524.9066666666668,18.333333333333332,7,19
2025-08,Lipid Management,380.11,13,2,0.2359,0.0,2025-08-01,97.75,281.64,3.0,1.0,0.0784,0.0,368.78999999999996,12.666666666666666,8,20
2025-09,Lipid Management,324.27,11,3,0.16949999999999998,0.0,2025-09-01,380.11,97.75,13.0,2.0,0.2359,0.0,253.16666666666666,8.333333333333334,9,21
2025-10,Lipid Management,87.47,3,2,0.13,0.0,2025-10-01,324.27,380.11,11.0,3.0,0.16949999999999998,0.0,267.37666666666667,9.0,10,22
2025-11,Lipid Management,233.95999999999998,8,3,0.13,0.0,2025-11-01,87.47,324.27,3.0,2.0,0.13,0.0,263.95,9.0,11,23
2025-12,Lipid Management,488.97,17,5,0.16534,0.0,2025-12-01,233.95999999999998,87.47,8.0,3.0,0.13,0.0,215.23333333333332,7.333333333333333,12,24
2024-01,Liver Care,89987.61,895,36,0.20179166666666667,0.16666666666666666,2024-01-01,,,,,,,,,1,1
2024-02,Liver Care,76892.34,755,29,0.17573793103448276,0.034482758620689655,2024-02-01,89987.61,,895.0,36.0,0.20179166666666667,0.16666666666666666,89987.61,895.0,2,2
2024-03,Liver Care,54517.15,533,20,0.16859,0.1,2024-03-01,76892.34,89987.61,755.0,29.0,0.17573793103448276,0.034482758620689655,83439.975,825.0,3,3
2024-04,Liver Care,102733.05,1036,32,0.2097,0.15625,2024-04-01,54517.15,76892.34,533.0,20.0,0.16859,0.1,73799.03333333334,727.6666666666666,4,4
2024-05,Liver Care,91205.2,859,27,0.15517777777777778,0.037037037037037035,2024-05-01,102733.05,54517.15,1036.0,32.0,0.2097,0.15625,78047.51333333332,774.6666666666666,5,5
2024-06,Liver Care,81867.2,784,24,0.156775,0.125,2024-06-01,91205.2,102733.05,859.0,27.0,0.15517777777777778,0.037037037037037035,82818.46666666667,809.3333333333334,6,6
2024-07,Liver Care,119609.86,1148,36,0.16680833333333334,0.16666666666666666,2024-07-01,81867.2,91205.2,784.0,24.0,0.156775,0.125,91935.14999999998,893.0,7,7
2024-08,Liver Care,87806.29,892,29,0.18992413793103446,0.1724137931034483,2024-08-01,119609.86,81867.2,1148.0,36.0,0.16680833333333334,0.16666666666666666,97560.75333333334,930.3333333333334,8,8
2024-09,Liver Care,73485.56,732,25,0.17608000000000001,0.04,2024-09-01,87806.29,119609.86,892.0,29.0,0.18992413793103446,0.1724137931034483,96427.78333333333,941.3333333333334,9,9
2024-10,Liver Care,107001.95,1087,35,0.2013657142857143,0.14285714285714285,2024-10-01,73485.56,87806.29,732.0,25.0,0.17608000000000001,0.04,93633.90333333332,924.0,10,10
2024-11,Liver Care,74321.79000000001,767,22,0.20110909090909093,0.09090909090909091,2024-11-01,107001.95,73485.56,1087.0,35.0,0.2013657142857143,0.14285714285714285,89431.26666666666,903.6666666666666,11,11
2024-12,Liver Care,57722.38,583,17,0.16771764705882353,0.058823529411764705,2024-12-01,74321.79000000001,107001.95,767.0,22.0,0.20110909090909093,0.09090909090909091,84936.43333333333,862.0,12,12
2025-01,Liver Care,84563.98,838,23,0.17981739130434782,0.043478260869565216,2025-01-01,57722.38,74321.79000000001,583.0,17.0,0.16771764705882353,0.058823529411764705,79682.04,812.3333333333334,1,13
2025-02,Liver Care,164970.93,1593,37,0.1820135135135135,0.02702702702702703,2025-02-01,84563.98,57722.38,838.0,23.0,0.17981739130434782,0.043478260869565216,72202.71666666666,729.3333333333334,2,14
2025-03,Liver Care,117306.5,1128,28,0.1679,0.10714285714285714,2025-03-01,164970.93,84563.98,1593.0,37.0,0.1820135135135135,0.02702702702702703,102419.09666666666,1004.6666666666666,3,15
2025-04,Liver Care,96193.68000000001,924,20,0.19424999999999998,0.25,2025-04-01,117306.5,164970.93,1128.0,28.0,0.1679,0.10714285714285714,122280.47000000002,1186.3333333333333,4,16
2025-05,Liver Care,117002.05,1141,29,0.16564137931034484,0.06896551724137931,2025-05-01,96193.68000000001,117306.5,924.0,20.0,0.19424999999999998,0.25,126157.03666666668,1215.0,5,17
2025-06,Liver Care,108818.2,1019,24,0.16869166666666668,0.125,2025-06-01,117002.05,96193.68000000001,1141.0,29.0,0.16564137931034484,0.06896551724137931,110167.40999999999,1064.3333333333333,6,18
2025-07,Liver Care,143108.4,1434,34,0.1872764705882353,0.11764705882352941,2025-07-01,108818.2,117002.05,1019.0,24.0,0.16869166666666668,0.125,107337.97666666667,1028.0,7,19
2025-08,Liver Care,73719.19,753,17,0.20030588235294117,0.058823529411764705,2025-08-01,143108.4,108818.2,1434.0,34.0,0.1872764705882353,0.11764705882352941,122976.21666666667,1198.0,8,20
2025-09,Liver Care,108382.23,1097,26,0.18168076923076923,0.15384615384615385,2025-09-01,73719.19,143108.4,753.0,17.0,0.20030588235294117,0.058823529411764705,108548.59666666668,1068.6666666666667,9,21
2025-10,Liver Care,138298.96,1370,37,0.19256756756756757,0.10810810810810811,2025-10-01,108382.23,73719.19,1097.0,26.0,0.18168076923076923,0.15384615384615385,108403.27333333333,1094.6666666666667,10,22
2025-11,Liver Care,121910.86,1253,31,0.1978516129032258,0.1935483870967742,2025-11-01,138298.96,108382.23,1370.0,37.0,0.19256756756756757,0.10810810810810811,106800.12666666666,1073.3333333333333,11,23
2025-12,Liver Care,96076.91,957,23,0.2022391304347826,0.17391304347826086,2025-12-01,121910.86,138298.96,1253.0,31.0,0.1978516129032258,0.1935483870967742,122864.01666666666,1240.0,12,24
2024-01,Medical Nutrition,10131.16,262,15,0.17002666666666666,0.26666666666666666,2024-01-01,,,,,,,,,1,1
2024-02,Medical Nutrition,8990.87,245,10,0.24947,0.6,2024-02-01,10131.16,,262.0,15.0,0.17002666666666666,0.26666666666666666,10131.16,262.0,2,2
2024-03,Medical Nutrition,12218.24,320,14,0.2060142857142857,0.5714285714285714,2024-03-01,8990.87,10131.16,245.0,10.0,0.24947,0.6,9561.015,253.5,3,3
2024-04,Medical Nutrition,19629.12,520,20,0.21986500000000003,0.35,2024-04-01,12218.24,8990.87,320.0,14.0,0.2060142857142857,0.5714285714285714,10446.756666666666,275.6666666666667,4,4
2024-05,Medical Nutrition,11410.79,319,15,0.21954666666666667,0.26666666666666666,2024-05-01,19629.12,12218.24,520.0,20.0,0.21986500000000003,0.35,13612.743333333332,361.6666666666667,5,5
2024-06,Medical Nutrition,10062.93,243,11,0.1683909090909091,0.18181818181818182,2024-06-01,11410.79,19629.12,319.0,15.0,0.21954666666666667,0.26666666666666666,14419.383333333331,386.3333333333333,6,6
2024-07,Medical Nutrition,8863.22,249,13,0.21596153846153848,0.38461538461538464,2024-07-01,10062.93,11410.79,243.0,11.0,0.1683909090909091,0.18181818181818182,13700.946666666665,360.6666666666667,7,7
2024-08,Medical Nutrition,11584.32,304,14,0.2053,0.35714285714285715,2024-08-01,8863.22,10062.93,249.0,13.0,0.21596153846153848,0.38461538461538464,10112.313333333334,270.3333333333333,8,8
2024-09,Medical Nutrition,8719.67,234,12,0.2209833333333333,0.4166666666666667,2024-09-01,11584.32,8863.22,304.0,14.0,0.2053,0.35714285714285715,10170.156666666668,265.3333333333333,9,9
2024-10,Medical Nutrition,5885.21,159,10,0.20685000000000003,0.5,2024-10-01,8719.67,11584.32,234.0,12.0,0.2209833333333333,0.4166666666666667,9722.403333333334,262.3333333333333,10,10
2024-11,Medical Nutrition,9851.94,261,13,0.21539999999999998,0.46153846153846156,2024-11-01,5885.21,8719.67,159.0,10.0,0.20685000000000003,0.5,8729.733333333332,232.33333333333334,11,11
2024-12,Medical Nutrition,9178.93,251,13,0.22113076923076921,0.46153846153846156,2024-12-01,9851.94,5885.21,261.0,13.0,0.21539999999999998,0.46153846153846156,8152.2733333333335,218.0,12,12
2025-01,Medical Nutrition,11353.44,303,13,0.1884,0.38461538461538464,2025-01-01,9178.93,9851.94,251.0,13.0,0.22113076923076921,0.46153846153846156,8305.36,223.66666666666666,1,13
2025-02,Medical Nutrition,9107.27,235,10,0.19524,0.3,2025-02-01,11353.44,9178.93,303.0,13.0,0.1884,0.38461538461538464,10128.103333333334,271.6666666666667,2,14
2025-03,Medical Nutrition,16770.88,446,19,0.18799473684210524,0.3684210526315789,2025-03-01,9107.27,11353.44,235.0,10.0,0.19524,0.3,9879.88,263.0,3,15
2025-04,Medical Nutrition,13493.93,363,14,0.22692857142857142,0.42857142857142855,2025-04-01,16770.88,9107.27,446.0,19.0,0.18799473684210524,0.3684210526315789,12410.53,328.0,4,16
2025-05,Medical Nutrition,13906.91,343,15,0.17633333333333334,0.13333333333333333,2025-05-01,13493.93,16770.88,363.0,14.0,0.22692857142857142,0.42857142857142855,13124.026666666667,348.0,5,17
2025-06,Medical Nutrition,14932.93,372,16,0.1948,0.4375,2025-06-01,13906.91,13493.93,343.0,15.0,0.17633333333333334,0.13333333333333333,14723.906666666668,384.0,6,18
2025-07,Medical Nutrition,10401.039999999999,298,14,0.25329999999999997,0.42857142857142855,2025-07-01,14932.93,13906.91,372.0,16.0,0.1948,0.4375,14111.256666666668,359.3333333333333,7,19
2025-08,Medical Nutrition,9042.74,220,11,0.1471818181818182,0.2727272727272727,2025-08-01,10401.039999999999,14932.93,298.0,14.0,0.25329999999999997,0.42857142857142855,13080.293333333333,337.6666666666667,8,20
2025-09,Medical Nutrition,7347.94,198,12,0.22972499999999998,0.3333333333333333,2025-09-01,9042.74,10401.039999999999,220.0,11.0,0.1471818181818182,0.2727272727272727,11458.903333333334,296.6666666666667,9,21
2025-10,Medical Nutrition,13628.92,368,19,0.20995263157894736,0.3684210526315789,2025-10-01,7347.94,9042.74,198.0,12.0,0.22972499999999998,0.3333333333333333,8930.573333333332,238.66666666666666,10,22
2025-11,Medical Nutrition,6298.99,169,8,0.2401125,0.5,2025-11-01,13628.92,7347.94,368.0,19.0,0.20995263157894736,0.3684210526315789,10006.533333333335,262.0,11,23
2025-12,Medical Nutrition,15008.4,385,18,0.1963777777777778,0.4444444444444444,2025-12-01,6298.99,13628.92,169.0,8.0,0.2401125,0.5,9091.949999999999,245.0,12,24
2024-01,Minerals,13861.27,324,19,0.2043684210526316,0.15789473684210525,2024-01-01,,,,,,,,,1,1
2024-02,Minerals,14407.25,332,19,0.17957368421052633,0.15789473684210525,2024-02-01,13861.27,,324.0,19.0,0.2043684210526316,0.15789473684210525,13861.27,324.0,2,2
2024-03,Minerals,19470.14,439,21,0.18748571428571428,0.09523809523809523,2024-03-01,14407.25,13861.27,332.0,19.0,0.17957368421052633,0.15789473684210525,14134.26,328.0,3,3
2024-04,Minerals,22907.29,511,26,0.18354615384615383,0.038461538461538464,2024-04-01,19470.14,14407.25,439.0,21.0,0.18748571428571428,0.09523809523809523,15912.886666666667,365.0,4,4
2024-05,Minerals,16634.4,401,20,0.21211000000000002,0.35,2024-05-01,22907.29,19470.14,511.0,26.0,0.18354615384615383,0.038461538461538464,18928.226666666666,427.3333333333333,5,5
2024-06,Minerals,14111.89,321,19,0.17692105263157895,0.21052631578947367,2024-06-01,16634.4,22907.29,401.0,20.0,0.21211000000000002,0.35,19670.61,450.3333333333333,6,6
2024-07,Minerals,15972.92,376,22,0.19018636363636363,0.09090909090909091,2024-07-01,14111.89,16634.4,321.0,19.0,0.17692105263157895,0.21052631578947367,17884.52666666667,411.0,7,7
2024-08,Minerals,21372.62,497,29,0.1794,0.034482758620689655,2024-08-01,15972.92,14111.89,376.0,22.0,0.19018636363636363,0.09090909090909091,15573.07,366.0,8,8
2024-09,Minerals,11494.94,258,14,0.2067142857142857,0.35714285714285715,2024-09-01,21372.62,15972.92,497.0,29.0,0.1794,0.034482758620689655,17152.476666666666,398.0,9,9
2024-10,Minerals,16522.67,364,22,0.17375454545454547,0.22727272727272727,2024-10-01,11494.94,21372.62,258.0,14.0,0.2067142857142857,0.35714285714285715,16280.160000000002,377.0,10,10
2024-11,Minerals,13670.44,332,21,0.21564285714285716,0.19047619047619047,2024-11-01,16522.67,11494.94,364.0,22.0,0.17375454545454547,0.22727272727272727,16463.41,373.0,11,11
2024-12,Minerals,19824.65,448,25,0.17857199999999998,0.24,2024-12-01,13670.44,16522.67,332.0,21.0,0.21564285714285716,0.19047619047619047,13896.016666666668,318.0,12,12
2025-01,Minerals,13744.07,315,19,0.19188947368421053,0.10526315789473684,2025-01-01,19824.65,13670.44,448.0,25.0,0.17857199999999998,0.24,16672.586666666666,381.3333333333333,1,13
2025-02,Minerals,16444.14,368,17,0.16489411764705883,0.23529411764705882,2025-02-01,13744.07,19824.65,315.0,19.0,0.19188947368421053,0.10526315789473684,15746.386666666667,365.0,2,14
2025-03,Minerals,13376.05,312,17,0.20701176470588237,0.29411764705882354,2025-03-01,16444.14,13744.07,368.0,17.0,0.16489411764705883,0.23529411764705882,16670.953333333335,377.0,3,15
2025-04,Minerals,22384.6,526,24,0.1924625,0.20833333333333334,2025-04-01,13376.05,16444.14,312.0,17.0,0.20701176470588237,0.29411764705882354,14521.419999999998,331.6666666666667,4,16
2025-05,Minerals,15379.49,362,16,0.17991875,0.25,2025-05-01,22384.6,13376.05,526.0,24.0,0.1924625,0.20833333333333334,17401.596666666665,402.0,5,17
2025-06,Minerals,23247.11,550,25,0.213676,0.2,2025-06-01,15379.49,22384.6,362.0,16.0,0.17991875,0.25,17046.713333333333,400.0,6,18
2025-07,Minerals,17764.37,446,22,0.2210272727272727,0.13636363636363635,2025-07-01,23247.11,15379.49,550.0,25.0,0.213676,0.2,20337.066666666666,479.3333333333333,7,19
2025-08,Minerals,16488.97,360,16,0.14671875,0.1875,2025-08-01,17764.37,23247.11,446.0,22.0,0.2210272727272727,0.13636363636363635,18796.99,452.6666666666667,8,20
2025-09,Minerals,13353.58,321,19,0.19266315789473684,0.15789473684210525,2025-09-01,16488.97,17764.37,360.0,16.0,0.14671875,0.1875,19166.816666666666,452.0,9,21
2025-10,Minerals,5747.03,124,9,0.14263333333333333,0.3333333333333333,2025-10-01,13353.58,16488.97,321.0,19.0,0.19266315789473684,0.15789473684210525,15868.973333333333,375.6666666666667,10,22
2025-11,Minerals,9775.47,234,14,0.2337142857142857,0.35714285714285715,2025-11-01,5747.03,13353.58,124.0,9.0,0.14263333333333333,0.3333333333333333,11863.193333333335,268.3333333333333,11,23
2025-12,Minerals,11056.75,258,13,0.20076153846153846,0.07692307692307693,2025-12-01,9775.47,5747.03,234.0,14.0,0.2337142857142857,0.35714285714285715,9625.359999999999,226.33333333333334,12,24
2024-01,Nephrology,19311.97,441,18,0.19724444444444444,0.16666666666666666,2024-01-01,,,,,,,,,1,1
2024-02,Nephrology,10159.12,244,9,0.1663888888888889,0.1111111111111111,2024-02-01,19311.97,,441.0,18.0,0.19724444444444444,0.16666666666666666,19311.97,441.0,2,2
2024-03,Nephrology,11337.11,271,11,0.1716272727272727,0.2727272727272727,2024-03-01,10159.12,19311.97,244.0,9.0,0.1663888888888889,0.1111111111111111,14735.545000000002,342.5,3,3
2024-04,Nephrology,15182.28,363,15,0.1802,0.06666666666666667,2024-04-01,11337.11,10159.12,271.0,11.0,0.1716272727272727,0.2727272727272727,13602.733333333335,318.6666666666667,4,4
2024-05,Nephrology,25269.64,605,19,0.17521052631578946,0.10526315789473684,2024-05-01,15182.28,11337.11,363.0,15.0,0.1802,0.06666666666666667,12226.17,292.6666666666667,5,5
2024-06,Nephrology,21459.35,558,22,0.20775454545454544,0.22727272727272727,2024-06-01,25269.64,15182.28,605.0,19.0,0.17521052631578946,0.10526315789473684,17263.01,413.0,6,6
2024-07,Nephrology,13584.630000000001,358,13,0.21756153846153847,0.15384615384615385,2024-07-01,21459.35,25269.64,558.0,22.0,0.20775454545454544,0.22727272727272727,20637.09,508.6666666666667,7,7
2024-08,Nephrology,8992.83,232,9,0.2209111111111111,0.3333333333333333,2024-08-01,13584.630000000001,21459.35,358.0,13.0,0.21756153846153847,0.15384615384615385,20104.539999999997,507.0,8,8
2024-09,Nephrology,19905.25,500,20,0.2206,0.2,2024-09-01,8992.83,13584.630000000001,232.0,9.0,0.2209111111111111,0.3333333333333333,14678.936666666666,382.6666666666667,9,9
2024-10,Nephrology,14687.2,356,14,0.1749214285714286,0.2857142857142857,2024-10-01,19905.25,8992.83,500.0,20.0,0.2206,0.2,14160.903333333334,363.3333333333333,10,10
2024-11,Nephrology,16417.58,411,15,0.20046,0.2,2024-11-01,14687.2,19905.25,356.0,14.0,0.1749214285714286,0.2857142857142857,14528.426666666666,362.6666666666667,11,11
2024-12,Nephrology,11780.98,298,11,0.21505454545454547,0.2727272727272727,2024-12-01,16417.58,14687.2,411.0,15.0,0.20046,0.2,17003.343333333334,422.3333333333333,12,12
2025-01,Nephrology,15081.5,381,13,0.21469230769230768,0.23076923076923078,2025-01-01,11780.98,16417.58,298.0,11.0,0.21505454545454547,0.2727272727272727,14295.253333333332,355.0,1,13
2025-02,Nephrology,15321.85,401,14,0.22597857142857142,0.14285714285714285,2025-02-01,15081.5,11780.98,381.0,13.0,0.21469230769230768,0.23076923076923078,14426.686666666666,363.3333333333333,2,14
2025-03,Nephrology,22838.98,579,19,0.2075842105263158,0.2631578947368421,2025-03-01,15321.85,15081.5,401.0,14.0,0.22597857142857142,0.14285714285714285,14061.44333333333,360.0,3,15
2025-04,Nephrology,18951.22,456,14,0.19195714285714288,0.2857142857142857,2025-04-01,22838.98,15321.85,579.0,19.0,0.2075842105263158,0.2631578947368421,17747.443333333333,453.6666666666667,4,16
2025-05,Nephrology,17397.13,413,12,0.18993333333333332,0.16666666666666666,2025-05-01,18951.22,22838.98,456.0,14.0,0.19195714285714288,0.2857142857142857,19037.350000000002,478.6666666666667,5,17
2025-06,Nephrology,17163.16,432,13,0.21678461538461538,0.0,2025-06-01,17397.13,18951.22,413.0,12.0,0.18993333333333332,0.16666666666666666,19729.11,482.6666666666667,6,18
2025-07,Nephrology,11987.53,291,12,0.17814166666666664,0.25,2025-07-01,17163.16,17397.13,432.0,13.0,0.21678461538461538,0.0,17837.17,433.6666666666667,7,19
2025-08,Nephrology,9598.460000000001,236,10,0.18231999999999998,0.1,2025-08-01,11987.53,17163.16,291.0,12.0,0.17814166666666664,0.25,15515.94,378.6666666666667,8,20
2025-09,Nephrology,26149.34,602,23,0.16864782608695653,0.4782608695652174,2025-09-01,9598.460000000001,11987.53,236.0,10.0,0.18231999999999998,0.1,12916.383333333331,319.6666666666667,9,21
2025-10,Nephrology,18052.8,460,17,0.23520000000000002,0.23529411764705882,2025-10-01,26149.34,9598.460000000001,602.0,23.0,0.16864782608695653,0.4782608695652174,15911.776666666667,376.3333333333333,10,22
2025-11,Nephrology,9344.67,217,10,0.14955000000000002,0.2,2025-11-01,18052.8,26149.34,460.0,17.0,0.23520000000000002,0.23529411764705882,17933.533333333333,432.6666666666667,11,23
2025-12,Nephrology,19474.04,507,16,0.23626250000000001,0.125,2025-12-01,9344.67,18052.8,217.0,10.0,0.14955000000000002,0.2,17848.936666666665,426.3333333333333,12,24
2024-01,Neurology,22472.69,376,21,0.19216190476190476,0.047619047619047616,2024-01-01,,,,,,,,,1,1
2024-02,Neurology,21152.829999999998,366,20,0.21005,0.15,2024-02-01,22472.69,,376.0,21.0,0.19216190476190476,0.047619047619047616,22472.69,376.0,2,2
2024-03,Neurology,26553.11,435,19,0.18067368421052632,0.15789473684210525,2024-03-01,21152.829999999998,22472.69,366.0,20.0,0.21005,0.15,21812.76,371.0,3,3
2024-04,Neurology,23692.32,382,17,0.18154117647058823,0.11764705882352941,2024-04-01,26553.11,21152.829999999998,435.0,19.0,0.18067368421052632,0.15789473684210525,23392.876666666667,392.3333333333333,4,4
2024-05,Neurology,18787.05,313,15,0.19736666666666666,0.4,2024-05-01,23692.32,26553.11,382.0,17.0,0.18154117647058823,0.11764705882352941,23799.42,394.3333333333333,5,5
2024-06,Neurology,27644.329999999998,447,20,0.19723,0.35,2024-06-01,18787.05,23692.32,313.0,15.0,0.19736666666666666,0.4,23010.826666666664,376.6666666666667,6,6
2024-07,Neurology,37831.64,618,31,0.16562258064516128,0.06451612903225806,2024-07-01,27644.329999999998,18787.05,447.0,20.0,0.19723,0.35,23374.566666666666,380.6666666666667,7,7
2024-08,Neurology,21184.77,340,19,0.17971052631578946,0.15789473684210525,2024-08-01,37831.64,27644.329999999998,618.0,31.0,0.16562258064516128,0.06451612903225806,28087.67333333333,459.3333333333333,8,8
2024-09,Neurology,30893.57,493,23,0.1894826086956522,0.17391304347826086,2024-09-01,21184.77,37831.64,340.0,19.0,0.17971052631578946,0.15789473684210525,28886.91333333333,468.3333333333333,9,9
2024-10,Neurology,39075.119999999995,644,29,0.2036206896551724,0.13793103448275862,2024-10-01,30893.57,21184.77,493.0,23.0,0.1894826086956522,0.17391304347826086,29969.993333333332,483.6666666666667,10,10
2024-11,Neurology,39100.17,624,27,0.17699259259259262,0.18518518518518517,2024-11-01,39075.119999999995,30893.57,644.0,29.0,0.2036206896551724,0.13793103448275862,30384.486666666664,492.3333333333333,11,11
2024-12,Neurology,33209.61,552,23,0.19066521739130435,0.21739130434782608,2024-12-01,39100.17,39075.119999999995,624.0,27.0,0.17699259259259262,0.18518518518518517,36356.28666666666,587.0,12,12
2025-01,Neurology,37418.93,607,24,0.16327916666666667,0.08333333333333333,2025-01-01,33209.61,39100.17,552.0,23.0,0.19066521739130435,0.21739130434782608,37128.299999999996,606.6666666666666,1,13
2025-02,Neurology,18839.55,308,13,0.19175384615384614,0.15384615384615385,2025-02-01,37418.93,33209.61,607.0,24.0,0.16327916666666667,0.08333333333333333,36576.236666666664,594.3333333333334,2,14
2025-03,Neurology,23664.84,396,15,0.20786666666666667,0.4,2025-03-01,18839.55,37418.93,308.0,13.0,0.19175384615384614,0.15384615384615385,29822.696666666667,489.0,3,15
2025-04,Neurology,48836.520000000004,800,28,0.19415357142857143,0.17857142857142858,2025-04-01,23664.84,18839.55,396.0,15.0,0.20786666666666667,0.4,26641.10666666667,437.0,4,16
2025-05,Neurology,32996.48,528,19,0.1647,0.0,2025-05-01,48836.520000000004,23664.84,800.0,28.0,0.19415357142857143,0.17857142857142858,30446.97,501.3333333333333,5,17
2025-06,Neurology,39377.43,668,23,0.21509565217391308,0.13043478260869565,2025-06-01,32996.48,48836.520000000004,528.0,19.0,0.1647,0.0,35165.94666666666,574.6666666666666,6,18
2025-07,Neurology,24727.239999999998,402,17,0.19287647058823532,0.058823529411764705,2025-07-01,39377.43,32996.48,668.0,23.0,0.21509565217391308,0.13043478260869565,40403.47666666667,665.3333333333334,7,19
2025-08,Neurology,25872.6,440,17,0.21260588235294117,0.17647058823529413,2025-08-01,24727.239999999998,39377.43,402.0,17.0,0.19287647058823532,0.058823529411764705,32367.05,532.6666666666666,8,20
2025-09,Neurology,35487.0,588,20,0.18772,0.2,2025-09-01,25872.6,24727.239999999998,440.0,17.0,0.21260588235294117,0.17647058823529413,29992.42333333333,503.3333333333333,9,21
2025-10,Neurology,27728.579999999998,433,16,0.17220625,0.125,2025-10-01,35487.0,25872.6,588.0,20.0,0.18772,0.2,28695.61333333333,476.6666666666667,10,22
2025-11,Neurology,26333.32,426,17,0.1894705882352941,0.11764705882352941,2025-11-01,27728.579999999998,35487.0,433.0,16.0,0.17220625,0.125,29696.059999999998,487.0,11,23
2025-12,Neurology,39467.51,640,22,0.18187272727272727,0.045454545454545456,2025-12-01,26333.32,27728.579999999998,426.0,17.0,0.1894705882352941,0.11764705882352941,29849.63333333333,482.3333333333333,12,24
2024-01,Oncology Support,935.37,17,3,0.16920000000000002,0.0,2024-01-01,,,,,,,,,1,1
2024-02,Oncology Support,860.11,17,4,0.182025,0.0,2024-02-01,935.37,,17.0,3.0,0.16920000000000002,0.0,935.37,17.0,2,2
2024-03,Oncology Support,1046.03,20,4,0.201,0.25,2024-03-01,860.11,935.37,17.0,4.0,0.182025,0.0,897.74,17.0,3,3
2024-04,Oncology Support,1247.14,23,4,0.14502500000000002,0.0,2024-04-01,1046.03,860.11,20.0,4.0,0.201,0.25,947.1700000000001,18.0,4,4
2024-05,Oncology Support,1204.55,23,6,0.17500000000000002,0.0,2024-05-01,1247.14,1046.03,23.0,4.0,0.14502500000000002,0.0,1051.0933333333335,20.0,5,5
2024-06,Oncology Support,1118.27,20,4,0.157575,0.0,2024-06-01,1204.55,1247.14,23.0,6.0,0.17500000000000002,0.0,1165.9066666666668,22.0,6,6
2024-07,Oncology Support,1163.12,23,5,0.17278,0.0,2024-07-01,1118.27,1204.55,20.0,4.0,0.157575,0.0,1189.9866666666667,22.0,7,7
2024-08,Oncology Support,113.04,2,1,0.1234,0.0,2024-08-01,1163.12,1118.27,23.0,5.0,0.17278,0.0,1161.9799999999998,22.0,8,8
2024-09,Oncology Support,1544.5900000000001,30,8,0.187075,0.125,2024-09-01,113.04,1163.12,2.0,1.0,0.1234,0.0,798.1433333333333,15.0,9,9
2024-10,Oncology Support,357.14,8,2,0.2605,0.0,2024-10-01,1544.5900000000001,113.04,30.0,8.0,0.187075,0.125,940.25,18.333333333333332,10,10
2024-11,Oncology Support,491.31999999999994,9,3,0.10910000000000002,0.0,2024-11-01,357.14,1544.5900000000001,8.0,2.0,0.2605,0.0,671.59,13.333333333333334,11,11
2024-12,Oncology Support,1232.88,24,7,0.16625714285714285,0.0,2024-12-01,491.31999999999994,357.14,9.0,3.0,0.10910000000000002,0.0,797.6833333333334,15.666666666666666,12,12
2025-01,Oncology Support,1051.24,23,4,0.26015,0.0,2025-01-01,1232.88,491.31999999999994,24.0,7.0,0.16625714285714285,0.0,693.7800000000001,13.666666666666666,1,13
2025-02,Oncology Support,699.73,13,3,0.13190000000000002,0.3333333333333333,2025-02-01,1051.24,1232.88,23.0,4.0,0.26015,0.0,925.1466666666669,18.666666666666668,2,14
2025-03,Oncology Support,1075.63,21,5,0.18916,0.2,2025-03-01,699.73,1051.24,13.0,3.0,0.13190000000000002,0.3333333333333333,994.6166666666668,20.0,3,15
2025-04,Oncology Support,877.4300000000001,16,4,0.12065,0.0,2025-04-01,1075.63,699.73,21.0,5.0,0.18916,0.2,942.2000000000002,19.0,4,16
2025-05,Oncology Support,1586.23,30,5,0.1755,0.0,2025-05-01,877.4300000000001,1075.63,16.0,4.0,0.12065,0.0,884.2633333333333,16.666666666666668,5,17
2025-06,Oncology Support,1137.73,21,4,0.17945,0.25,2025-06-01,1586.23,877.4300000000001,30.0,5.0,0.1755,0.0,1179.7633333333333,22.333333333333332,6,18
2025-07,Oncology Support,1730.75,32,6,0.15401666666666666,0.0,2025-07-01,1137.73,1586.23,21.0,4.0,0.17945,0.25,1200.4633333333334,22.333333333333332,7,19
2025-08,Oncology Support,190.86,3,1,0.0857,0.0,2025-08-01,1730.75,1137.73,32.0,6.0,0.15401666666666666,0.0,1484.9033333333334,27.666666666666668,8,20
2025-09,Oncology Support,1043.16,22,6,0.17115,0.16666666666666666,2025-09-01,190.86,1730.75,3.0,1.0,0.0857,0.0,1019.7800000000001,18.666666666666668,9,21
2025-10,Oncology Support,728.06,13,3,0.18103333333333335,0.3333333333333333,2025-10-01,1043.16,190.86,22.0,6.0,0.17115,0.16666666666666666,988.2566666666668,19.0,10,22
2025-11,Oncology Support,735.73,15,2,0.22165,0.0,2025-11-01,728.06,1043.16,13.0,3.0,0.18103333333333335,0.3333333333333333,654.0266666666668,12.666666666666666,11,23
2025-12,Oncology Support,1453.3600000000001,29,8,0.198975,0.125,2025-12-01,735.73,728.06,15.0,2.0,0.22165,0.0,835.6500000000001,16.666666666666668,12,24
2024-01,Ophthalmology,24577.47,467,26,0.16623076923076924,0.11538461538461539,2024-01-01,,,,,,,,,1,1
2024-02,Ophthalmology,18892.25,364,17,0.19898823529411766,0.058823529411764705,2024-02-01,24577.47,,467.0,26.0,0.16623076923076924,0.11538461538461539,24577.47,467.0,2,2
2024-03,Ophthalmology,19551.84,377,20,0.172645,0.15,2024-03-01,18892.25,24577.47,364.0,17.0,0.19898823529411766,0.058823529411764705,21734.86,415.5,3,3
2024-04,Ophthalmology,23514.99,434,20,0.15952,0.1,2024-04-01,19551.84,18892.25,377.0,20.0,0.172645,0.15,21007.186666666665,402.6666666666667,4,4
2024-05,Ophthalmology,13542.77,251,15,0.1665,0.0,2024-05-01,23514.99,19551.84,434.0,20.0,0.15952,0.1,20653.02666666667,391.6666666666667,5,5
2024-06,Ophthalmology,22171.66,408,20,0.186555,0.15,2024-06-01,13542.77,23514.99,251.0,15.0,0.1665,0.0,18869.86666666667,354.0,6,6
2024-07,Ophthalmology,14298.23,250,14,0.13965,0.0,2024-07-01,22171.66,13542.77,408.0,20.0,0.186555,0.15,19743.140000000003,364.3333333333333,7,7
2024-08,Ophthalmology,14866.8,276,16,0.1908125,0.0625,2024-08-01,14298.23,22171.66,250.0,14.0,0.13965,0.0,16670.88666666667,303.0,8,8
2024-09,Ophthalmology,21007.88,398,27,0.18165555555555557,0.18518518518518517,2024-09-01,14866.8,14298.23,276.0,16.0,0.1908125,0.0625,17112.23,311.3333333333333,9,9
2024-10,Ophthalmology,13025.95,254,16,0.1786125,0.125,2024-10-01,21007.88,14866.8,398.0,27.0,0.18165555555555557,0.18518518518518517,16724.303333333333,308.0,10,10
2024-11,Ophthalmology,12548.51,244,15,0.22268666666666667,0.26666666666666666,2024-11-01,13025.95,21007.88,254.0,16.0,0.1786125,0.125,16300.210000000001,309.3333333333333,11,11
2024-12,Ophthalmology,18058.73,336,21,0.17523333333333332,0.0,2024-12-01,12548.51,13025.95,244.0,15.0,0.22268666666666667,0.26666666666666666,15527.446666666669,298.6666666666667,12,12
2025-01,Ophthalmology,30199.08,548,32,0.170553125,0.0625,2025-01-01,18058.73,12548.51,336.0,21.0,0.17523333333333332,0.0,14544.396666666667,278.0,1,13
2025-02,Ophthalmology,21143.08,395,21,0.1862952380952381,0.0,2025-02-01,30199.08,18058.73,548.0,32.0,0.170553125,0.0625,20268.773333333334,376.0,2,14
2025-03,Ophthalmology,16305.59,307,16,0.17363125000000001,0.1875,2025-03-01,21143.08,30199.08,395.0,21.0,0.1862952380952381,0.0,23133.63,426.3333333333333,3,15
2025-04,Ophthalmology,23002.23,454,19,0.21424210526315787,0.21052631578947367,2025-04-01,16305.59,21143.08,307.0,16.0,0.17363125000000001,0.1875,22549.25,416.6666666666667,4,16
2025-05,Ophthalmology,26661.02,504,25,0.207308,0.12,2025-05-01,23002.23,16305.59,454.0,19.0,0.21424210526315787,0.21052631578947367,20150.3,385.3333333333333,5,17
2025-06,Ophthalmology,29430.12,566,28,0.1919,0.03571428571428571,2025-06-01,26661.02,23002.23,504.0,25.0,0.207308,0.12,21989.61333333333,421.6666666666667,6,18
2025-07,Ophthalmology,25687.41,476,29,0.1787655172413793,0.06896551724137931,2025-07-01,29430.12,26661.02,566.0,28.0,0.1919,0.03571428571428571,26364.456666666665,508.0,7,19
2025-08,Ophthalmology,28965.96,574,32,0.211784375,0.0625,2025-08-01,25687.41,29430.12,476.0,29.0,0.1787655172413793,0.06896551724137931,27259.516666666666,515.3333333333334,8,20
2025-09,Ophthalmology,18300.92,356,24,0.20455833333333331,0.08333333333333333,2025-09-01,28965.96,25687.41,574.0,32.0,0.211784375,0.0625,28027.829999999998,538.6666666666666,9,21
2025-10,Ophthalmology,17087.7,323,22,0.17571363636363635,0.045454545454545456,2025-10-01,18300.92,28965.96,356.0,24.0,0.20455833333333331,0.08333333333333333,24318.096666666665,468.6666666666667,10,22
2025-11,Ophthalmology,18328.65,356,23,0.19802173913043478,0.13043478260869565,2025-11-01,17087.7,18300.92,323.0,22.0,0.17571363636363635,0.045454545454545456,21451.526666666665,417.6666666666667,11,23
2025-12,Ophthalmology,14475.130000000001,255,17,0.15944117647058825,0.0,2025-12-01,18328.65,17087.7,356.0,23.0,0.19802173913043478,0.13043478260869565,17905.756666666664,345.0,12,24
2024-01,Oral Rehydration,137496.47,1834,42,0.20825714285714286,0.14285714285714285,2024-01-01,,,,,,,,,1,1
2024-02,Oral Rehydration,138972.33,1835,35,0.17732857142857142,0.0,2024-02-01,137496.47,,1834.0,42.0,0.20825714285714286,0.14285714285714285,137496.47,1834.0,2,2
2024-03,Oral Rehydration,128824.95999999999,1699,34,0.18412647058823528,0.14705882352941177,2024-03-01,138972.33,137496.47,1835.0,35.0,0.17732857142857142,0.0,138234.4,1834.5,3,3
2024-04,Oral Rehydration,141758.09,1863,35,0.20041142857142857,0.2,2024-04-01,128824.95999999999,138972.33,1699.0,34.0,0.18412647058823528,0.14705882352941177,135097.92,1789.3333333333333,4,4
2024-05,Oral Rehydration,120876.45999999999,1580,31,0.19270645161290323,0.1935483870967742,2024-05-01,141758.09,128824.95999999999,1863.0,35.0,0.20041142857142857,0.2,136518.46,1799.0,5,5
2024-06,Oral Rehydration,114988.3,1528,29,0.1998896551724138,0.06896551724137931,2024-06-01,120876.45999999999,141758.09,1580.0,31.0,0.19270645161290323,0.1935483870967742,130486.50333333334,1714.0,6,6
2024-07,Oral Rehydration,170644.78,2226,44,0.1836477272727273,0.06818181818181818,2024-07-01,114988.3,120876.45999999999,1528.0,29.0,0.1998896551724138,0.06896551724137931,125874.28333333334,1657.0,7,7
2024-08,Oral Rehydration,139517.4,1843,37,0.20848918918918918,0.1891891891891892,2024-08-01,170644.78,114988.3,2226.0,44.0,0.1836477272727273,0.06818181818181818,135503.18,1778.0,8,8
2024-09,Oral Rehydration,97070.31999999999,1286,28,0.18557500000000002,0.21428571428571427,2024-09-01,139517.4,170644.78,1843.0,37.0,0.20848918918918918,0.1891891891891892,141716.82666666666,1865.6666666666667,9,9
2024-10,Oral Rehydration,109441.93,1458,26,0.20094615384615383,0.2692307692307692,2024-10-01,97070.31999999999,139517.4,1286.0,28.0,0.18557500000000002,0.21428571428571427,135744.16666666666,1785.0,10,10
2024-11,Oral Rehydration,128360.31,1635,33,0.1590757575757576,0.15151515151515152,2024-11-01,109441.93,97070.31999999999,1458.0,26.0,0.20094615384615383,0.2692307692307692,115343.21666666666,1529.0,11,11
2024-12,Oral Rehydration,133204.68,1835,33,0.19874242424242422,0.21212121212121213,2024-12-01,128360.31,109441.93,1635.0,33.0,0.1590757575757576,0.15151515151515152,111624.18666666666,1459.6666666666667,12,12
2025-01,Oral Rehydration,150785.1,1948,35,0.15838571428571427,0.05714285714285714,2025-01-01,133204.68,128360.31,1835.0,33.0,0.19874242424242422,0.21212121212121213,123668.97333333333,1642.6666666666667,1,13
2025-02,Oral Rehydration,117239.69,1487,23,0.18886521739130432,0.043478260869565216,2025-02-01,150785.1,133204.68,1948.0,35.0,0.15838571428571427,0.05714285714285714,137450.03,1806.0,2,14
2025-03,Oral Rehydration,234240.12,2973,45,0.17270888888888888,0.1111111111111111,2025-03-01,117239.69,150785.1,1487.0,23.0,0.18886521739130432,0.043478260869565216,133743.15666666665,1756.6666666666667,3,15
2025-04,Oral Rehydration,182005.04,2403,35,0.20666857142857142,0.17142857142857143,2025-04-01,234240.12,117239.69,2973.0,45.0,0.17270888888888888,0.1111111111111111,167421.6366666667,2136.0,4,16
2025-05,Oral Rehydration,198509.54,2617,38,0.17768684210526314,0.15789473684210525,2025-05-01,182005.04,234240.12,2403.0,35.0,0.20666857142857142,0.17142857142857143,177828.28333333335,2287.6666666666665,5,17
2025-06,Oral Rehydration,227686.65,2923,41,0.1811658536585366,0.07317073170731707,2025-06-01,198509.54,182005.04,2617.0,38.0,0.17768684210526314,0.15789473684210525,204918.2333333333,2664.3333333333335,6,18
2025-07,Oral Rehydration,161240.24,2139,32,0.19455,0.125,2025-07-01,227686.65,198509.54,2923.0,41.0,0.1811658536585366,0.07317073170731707,202733.74333333332,2647.6666666666665,7,19
2025-08,Oral Rehydration,194087.94,2538,39,0.18025384615384615,0.1282051282051282,2025-08-01,161240.24,227686.65,2139.0,32.0,0.19455,0.125,195812.1433333333,2559.6666666666665,8,20
2025-09,Oral Rehydration,132820.37,1738,27,0.19435185185185183,0.2962962962962963,2025-09-01,194087.94,161240.24,2538.0,39.0,0.18025384615384615,0.1282051282051282,194338.27666666664,2533.3333333333335,9,21
2025-10,Oral Rehydration,188085.24,2407,39,0.18896666666666667,0.15384615384615385,2025-10-01,132820.37,194087.94,1738.0,27.0,0.19435185185185183,0.2962962962962963,162716.18333333332,2138.3333333333335,10,22
2025-11,Oral Rehydration,214123.63,2779,44,0.17812272727272727,0.06818181818181818,2025-11-01,188085.24,132820.37,2407.0,39.0,0.18896666666666667,0.15384615384615385,171664.51666666666,2227.6666666666665,11,23
2025-12,Oral Rehydration,196038.51,2584,38,0.19628421052631578,0.13157894736842105,2025-12-01,214123.63,188085.24,2779.0,44.0,0.17812272727272727,0.06818181818181818,178343.08,2308.0,12,24
2024-01,Pain Management,110589.40000000001,763,26,0.2028269230769231,0.15384615384615385,2024-01-01,,,,,,,,,1,1
2024-02,Pain Management,116365.59,830,24,0.21677916666666666,0.20833333333333334,2024-02-01,110589.40000000001,,763.0,26.0,0.2028269230769231,0.15384615384615385,110589.40000000001,763.0,2,2
2024-03,Pain Management,150330.12,1020,30,0.18487333333333333,0.36666666666666664,2024-03-01,116365.59,110589.40000000001,830.0,24.0,0.21677916666666666,0.20833333333333334,113477.495,796.5,3,3
2024-04,Pain Management,155006.12,1064,31,0.18543548387096773,0.22580645161290322,2024-04-01,150330.12,116365.59,1020.0,30.0,0.18487333333333333,0.36666666666666664,125761.70333333332,871.0,4,4
2024-05,Pain Management,144176.74,953,26,0.17305769230769233,0.07692307692307693,2024-05-01,155006.12,150330.12,1064.0,31.0,0.18543548387096773,0.22580645161290322,140567.27666666664,971.3333333333334,5,5
2024-06,Pain Management,138566.5,967,29,0.2021344827586207,0.13793103448275862,2024-06-01,144176.74,155006.12,953.0,26.0,0.17305769230769233,0.07692307692307693,149837.66,1012.3333333333334,6,6
2024-07,Pain Management,132006.33,898,27,0.18395925925925927,0.0,2024-07-01,138566.5,144176.74,967.0,29.0,0.2021344827586207,0.13793103448275862,145916.45333333334,994.6666666666666,7,7
2024-08,Pain Management,118092.77,809,28,0.1995642857142857,0.17857142857142858,2024-08-01,132006.33,138566.5,898.0,27.0,0.18395925925925927,0.0,138249.85666666666,939.3333333333334,8,8
2024-09,Pain Management,134675.27,919,28,0.16660357142857143,0.21428571428571427,2024-09-01,118092.77,132006.33,809.0,28.0,0.1995642857142857,0.17857142857142858,129555.2,891.3333333333334,9,9
2024-10,Pain Management,113665.74,764,26,0.18265384615384617,0.15384615384615385,2024-10-01,134675.27,118092.77,919.0,28.0,0.16660357142857143,0.21428571428571427,128258.12333333334,875.3333333333334,10,10
2024-11,Pain Management,133702.14,891,27,0.1824,0.037037037037037035,2024-11-01,113665.74,134675.27,764.0,26.0,0.18265384615384617,0.15384615384615385,122144.59333333334,830.6666666666666,11,11
2024-12,Pain Management,147460.63999999998,1008,30,0.18933666666666668,0.1,2024-12-01,133702.14,113665.74,891.0,27.0,0.1824,0.037037037037037035,127347.71666666667,858.0,12,12
2025-01,Pain Management,179337.02,1214,33,0.18784545454545454,0.12121212121212122,2025-01-01,147460.63999999998,133702.14,1008.0,30.0,0.18933666666666668,0.1,131609.50666666668,887.6666666666666,1,13
2025-02,Pain Management,169433.32,1128,28,0.1776964285714286,0.03571428571428571,2025-02-01,179337.02,147460.63999999998,1214.0,33.0,0.18784545454545454,0.12121212121212122,153499.93333333335,1037.6666666666667,2,14
2025-03,Pain Management,175199.84,1156,28,0.18660000000000002,0.17857142857142858,2025-03-01,169433.32,179337.02,1128.0,28.0,0.1776964285714286,0.03571428571428571,165410.3266666667,1116.6666666666667,3,15
2025-04,Pain Management,178032.63999999998,1228,28,0.19446785714285714,0.21428571428571427,2025-04-01,175199.84,169433.32,1156.0,28.0,0.18660000000000002,0.17857142857142858,174656.72666666668,1166.0,4,16
2025-05,Pain Management,172375.01,1189,26,0.19300384615384616,0.038461538461538464,2025-05-01,178032.63999999998,175199.84,1228.0,28.0,0.19446785714285714,0.21428571428571427,174221.93333333335,1170.6666666666667,5,17
2025-06,Pain Management,89911.9,692,15,0.26971333333333336,0.2,2025-06-01,172375.01,178032.63999999998,1189.0,26.0,0.19300384615384616,0.038461538461538464,175202.49666666667,1191.0,6,18
2025-07,Pain Management,184393.74,1263,30,0.18746666666666664,0.1,2025-07-01,89911.9,172375.01,692.0,15.0,0.26971333333333336,0.2,146773.18333333335,1036.3333333333333,7,19
2025-08,Pain Management,136595.36000000002,955,27,0.20190740740740742,0.14814814814814814,2025-08-01,184393.74,89911.9,1263.0,30.0,0.18746666666666664,0.1,148893.55000000002,1048.0,8,20
2025-09,Pain Management,186976.66,1326,36,0.19896944444444442,0.3055555555555556,2025-09-01,136595.36000000002,184393.74,955.0,27.0,0.20190740740740742,0.14814814814814814,136967.00000000003,970.0,9,21
2025-10,Pain Management,146942.37,982,26,0.18428846153846154,0.15384615384615385,2025-10-01,186976.66,136595.36000000002,1326.0,36.0,0.19896944444444442,0.3055555555555556,169321.92000000004,1181.3333333333333,10,22
2025-11,Pain Management,167838.46,1164,30,0.19070333333333334,0.06666666666666667,2025-11-01,146942.37,186976.66,982.0,26.0,0.18428846153846154,0.15384615384615385,156838.13000000003,1087.6666666666667,11,23
2025-12,Pain Management,203106.97,1386,33,0.18968484848484848,0.12121212121212122,2025-12-01,167838.46,146942.37,1164.0,30.0,0.19070333333333334,0.06666666666666667,167252.49666666667,1157.3333333333333,12,24
2024-01,Pediatrics,13659.64,237,16,0.16999375,0.0,2024-01-01,,,,,,,,,1,1
2024-02,Pediatrics,21648.05,358,19,0.15153157894736843,0.05263157894736842,2024-02-01,13659.64,,237.0,16.0,0.16999375,0.0,13659.64,237.0,2,2
2024-03,Pediatrics,11592.73,216,12,0.23410833333333333,0.5,2024-03-01,21648.05,13659.64,358.0,19.0,0.15153157894736843,0.05263157894736842,17653.845,297.5,3,3
2024-04,Pediatrics,17292.63,306,17,0.1910235294117647,0.23529411764705882,2024-04-01,11592.73,21648.05,216.0,12.0,0.23410833333333333,0.5,15633.473333333333,270.3333333333333,4,4
2024-05,Pediatrics,8374.73,151,9,0.1746777777777778,0.1111111111111111,2024-05-01,17292.63,11592.73,306.0,17.0,0.1910235294117647,0.23529411764705882,16844.47,293.3333333333333,5,5
2024-06,Pediatrics,15270.2,261,14,0.15373571428571428,0.0,2024-06-01,8374.73,17292.63,151.0,9.0,0.1746777777777778,0.1111111111111111,12420.029999999999,224.33333333333334,6,6
2024-07,Pediatrics,17261.75,293,18,0.18537777777777778,0.16666666666666666,2024-07-01,15270.2,8374.73,261.0,14.0,0.15373571428571428,0.0,13645.853333333333,239.33333333333334,7,7
2024-08,Pediatrics,14497.84,271,14,0.22572857142857145,0.0,2024-08-01,17261.75,15270.2,293.0,18.0,0.18537777777777778,0.16666666666666666,13635.56,235.0,8,8
2024-09,Pediatrics,17792.78,310,19,0.17223157894736843,0.10526315789473684,2024-09-01,14497.84,17261.75,271.0,14.0,0.22572857142857145,0.0,15676.596666666666,275.0,9,9
2024-10,Pediatrics,13646.54,230,14,0.17434285714285713,0.07142857142857142,2024-10-01,17792.78,14497.84,310.0,19.0,0.17223157894736843,0.10526315789473684,16517.456666666665,291.3333333333333,10,10
2024-11,Pediatrics,9283.5,158,12,0.1753583333333333,0.25,2024-11-01,13646.54,17792.78,230.0,14.0,0.17434285714285713,0.07142857142857142,15312.386666666667,270.3333333333333,11,11
2024-12,Pediatrics,12297.55,208,12,0.12663333333333335,0.08333333333333333,2024-12-01,9283.5,13646.54,158.0,12.0,0.1753583333333333,0.25,13574.273333333333,232.66666666666666,12,12
2025-01,Pediatrics,18794.67,333,20,0.20354999999999998,0.1,2025-01-01,12297.55,9283.5,208.0,12.0,0.12663333333333335,0.08333333333333333,11742.529999999999,198.66666666666666,1,13
2025-02,Pediatrics,15418.800000000001,258,15,0.17128,0.06666666666666667,2025-02-01,18794.67,12297.55,333.0,20.0,0.20354999999999998,0.1,13458.573333333334,233.0,2,14
2025-03,Pediatrics,20927.32,370,18,0.17049444444444445,0.2222222222222222,2025-03-01,15418.800000000001,18794.67,258.0,15.0,0.17128,0.06666666666666667,15503.673333333332,266.3333333333333,3,15
2025-04,Pediatrics,12443.66,225,10,0.20903999999999998,0.1,2025-04-01,20927.32,15418.800000000001,370.0,18.0,0.17049444444444445,0.2222222222222222,18380.263333333332,320.3333333333333,4,16
2025-05,Pediatrics,15955.05,270,14,0.15030714285714283,0.14285714285714285,2025-05-01,12443.66,20927.32,225.0,10.0,0.20903999999999998,0.1,16263.26,284.3333333333333,5,17
2025-06,Pediatrics,16778.66,289,15,0.1804,0.0,2025-06-01,15955.05,12443.66,270.0,14.0,0.15030714285714283,0.14285714285714285,16442.01,288.3333333333333,6,18
2025-07,Pediatrics,23088.08,417,22,0.1857318181818182,0.2727272727272727,2025-07-01,16778.66,15955.05,289.0,15.0,0.1804,0.0,15059.123333333331,261.3333333333333,7,19
2025-08,Pediatrics,20704.84,335,20,0.14507,0.0,2025-08-01,23088.08,16778.66,417.0,22.0,0.1857318181818182,0.2727272727272727,18607.263333333332,325.3333333333333,8,20
2025-09,Pediatrics,13186.12,233,14,0.2071285714285714,0.14285714285714285,2025-09-01,20704.84,23088.08,335.0,20.0,0.14507,0.0,20190.52666666667,347.0,9,21
2025-10,Pediatrics,14278.52,252,14,0.1868285714285714,0.14285714285714285,2025-10-01,13186.12,20704.84,233.0,14.0,0.2071285714285714,0.14285714285714285,18993.013333333332,328.3333333333333,10,22
2025-11,Pediatrics,13739.91,227,15,0.14650666666666667,0.0,2025-11-01,14278.52,13186.12,252.0,14.0,0.1868285714285714,0.14285714285714285,16056.493333333334,273.3333333333333,11,23
2025-12,Pediatrics,18710.57,331,18,0.18313333333333334,0.16666666666666666,2025-12-01,13739.91,14278.52,227.0,15.0,0.14650666666666667,0.0,13734.85,237.33333333333334,12,24
2024-01,Probiotics,97508.08,1163,28,0.19315,0.03571428571428571,2024-01-01,,,,,,,,,1,1
2024-02,Probiotics,105795.48000000001,1177,26,0.1736653846153846,0.11538461538461539,2024-02-01,97508.08,,1163.0,28.0,0.19315,0.03571428571428571,97508.08,1163.0,2,2
2024-03,Probiotics,152443.26,1739,34,0.1678205882352941,0.20588235294117646,2024-03-01,105795.48000000001,97508.08,1177.0,26.0,0.1736653846153846,0.11538461538461539,101651.78,1170.0,3,3
2024-04,Probiotics,115594.15,1353,25,0.18442,0.2,2024-04-01,152443.26,105795.48000000001,1739.0,34.0,0.1678205882352941,0.20588235294117646,118582.27333333333,1359.6666666666667,4,4
2024-05,Probiotics,202372.56,2416,41,0.20992195121951218,0.0975609756097561,2024-05-01,115594.15,152443.26,1353.0,25.0,0.18442,0.2,124610.96333333333,1423.0,5,5
2024-06,Probiotics,154416.29,1852,31,0.20209677419354838,0.1935483870967742,2024-06-01,202372.56,115594.15,2416.0,41.0,0.20992195121951218,0.0975609756097561,156803.32333333333,1836.0,6,6
2024-07,Probiotics,171256.23,2011,38,0.19360526315789475,0.13157894736842105,2024-07-01,154416.29,202372.56,1852.0,31.0,0.20209677419354838,0.1935483870967742,157461.0,1873.6666666666667,7,7
2024-08,Probiotics,162782.29,1869,38,0.1703815789473684,0.13157894736842105,2024-08-01,171256.23,154416.29,2011.0,38.0,0.19360526315789475,0.13157894736842105,176015.02666666664,2093.0,8,8
2024-09,Probiotics,177779.2,2148,41,0.21912439024390243,0.24390243902439024,2024-09-01,162782.29,171256.23,1869.0,38.0,0.1703815789473684,0.13157894736842105,162818.27000000002,1910.6666666666667,9,9
2024-10,Probiotics,160736.01,1837,37,0.1547081081081081,0.16216216216216217,2024-10-01,177779.2,162782.29,2148.0,41.0,0.21912439024390243,0.24390243902439024,170605.90666666668,2009.3333333333333,10,10
2024-11,Probiotics,129497.85,1576,30,0.22438,0.26666666666666666,2024-11-01,160736.01,177779.2,1837.0,37.0,0.1547081081081081,0.16216216216216217,167099.16666666666,1951.3333333333333,11,11
2024-12,Probiotics,152153.61000000002,1752,31,0.1756,0.0967741935483871,2024-12-01,129497.85,160736.01,1576.0,30.0,0.22438,0.26666666666666666,156004.35333333336,1853.6666666666667,12,12
2025-01,Probiotics,129391.02,1548,25,0.172148,0.16,2025-01-01,152153.61000000002,129497.85,1752.0,31.0,0.1756,0.0967741935483871,147462.49000000002,1721.6666666666667,1,13
2025-02,Probiotics,233943.22,2669,40,0.175675,0.125,2025-02-01,129391.02,152153.61000000002,1548.0,25.0,0.172148,0.16,137014.16,1625.3333333333333,2,14
2025-03,Probiotics,237882.71,2889,40,0.21168499999999998,0.3,2025-03-01,233943.22,129391.02,2669.0,40.0,0.175675,0.125,171829.28333333333,1989.6666666666667,3,15
2025-04,Probiotics,274692.78,3264,42,0.2013261904761905,0.11904761904761904,2025-04-01,237882.71,233943.22,2889.0,40.0,0.21168499999999998,0.3,200405.65,2368.6666666666665,4,16
2025-05,Probiotics,230585.54,2749,35,0.19214,0.17142857142857143,2025-05-01,274692.78,237882.71,3264.0,42.0,0.2013261904761905,0.11904761904761904,248839.56999999998,2940.6666666666665,5,17
2025-06,Probiotics,262273.87,3091,42,0.18759285714285714,0.09523809523809523,2025-06-01,230585.54,274692.78,2749.0,35.0,0.19214,0.17142857142857143,247720.34333333335,2967.3333333333335,6,18
2025-07,Probiotics,195736.76,2274,31,0.19206451612903225,0.16129032258064516,2025-07-01,262273.87,230585.54,3091.0,42.0,0.18759285714285714,0.09523809523809523,255850.73,3034.6666666666665,7,19
2025-08,Probiotics,196025.47999999998,2270,32,0.20068125,0.21875,2025-08-01,195736.76,262273.87,2274.0,31.0,0.19206451612903225,0.16129032258064516,229532.05666666667,2704.6666666666665,8,20
2025-09,Probiotics,198396.86,2304,35,0.20283428571428572,0.22857142857142856,2025-09-01,196025.47999999998,195736.76,2270.0,32.0,0.20068125,0.21875,218012.03666666665,2545.0,9,21
2025-10,Probiotics,191400.21,2178,34,0.1759205882352941,0.2647058823529412,2025-10-01,198396.86,196025.47999999998,2304.0,35.0,0.20283428571428572,0.22857142857142856,196719.69999999998,2282.6666666666665,10,22
2025-11,Probiotics,196626.96,2322,37,0.19269729729729732,0.1891891891891892,2025-11-01,191400.21,198396.86,2178.0,34.0,0.1759205882352941,0.2647058823529412,195274.18333333332,2250.6666666666665,11,23
2025-12,Probiotics,248027.0,2843,41,0.1811658536585366,0.14634146341463414,2025-12-01,196626.96,191400.21,2322.0,37.0,0.19269729729729732,0.1891891891891892,195474.67666666667,2268.0,12,24
2024-01,Psychiatry,21933.56,457,21,0.19686666666666666,0.0,2024-01-01,,,,,,,,,1,1
2024-02,Psychiatry,15380.71,312,15,0.15847333333333333,0.0,2024-02-01,21933.56,,457.0,21.0,0.19686666666666666,0.0,21933.56,457.0,2,2
2024-03,Psychiatry,16607.28,349,15,0.19636666666666666,0.13333333333333333,2024-03-01,15380.71,21933.56,312.0,15.0,0.15847333333333333,0.0,18657.135000000002,384.5,3,3
2024-04,Psychiatry,13304.92,302,12,0.22519166666666668,0.4166666666666667,2024-04-01,16607.28,15380.71,349.0,15.0,0.19636666666666666,0.13333333333333333,17973.850000000002,372.6666666666667,4,4
2024-05,Psychiatry,18062.66,366,14,0.1927142857142857,0.0,2024-05-01,13304.92,16607.28,302.0,12.0,0.22519166666666668,0.4166666666666667,15097.636666666665,321.0,5,5
2024-06,Psychiatry,11564.630000000001,244,10,0.21353,0.2,2024-06-01,18062.66,13304.92,366.0,14.0,0.1927142857142857,0.0,15991.62,339.0,6,6
2024-07,Psychiatry,18654.87,387,19,0.1811684210526316,0.05263157894736842,2024-07-01,11564.630000000001,18062.66,244.0,10.0,0.21353,0.2,14310.73666666667,304.0,7,7
2024-08,Psychiatry,20370.8,421,19,0.16924736842105262,0.05263157894736842,2024-08-01,18654.87,11564.630000000001,387.0,19.0,0.1811684210526316,0.05263157894736842,16094.053333333335,332.3333333333333,8,8
2024-09,Psychiatry,10808.85,237,12,0.1817416666666667,0.0,2024-09-01,20370.8,18654.87,421.0,19.0,0.16924736842105262,0.05263157894736842,16863.433333333334,350.6666666666667,9,9
2024-10,Psychiatry,11179.59,238,12,0.20291666666666666,0.3333333333333333,2024-10-01,10808.85,20370.8,237.0,12.0,0.1817416666666667,0.0,16611.506666666664,348.3333333333333,10,10
2024-11,Psychiatry,16988.05,365,18,0.2022,0.05555555555555555,2024-11-01,11179.59,10808.85,238.0,12.0,0.20291666666666666,0.3333333333333333,14119.746666666666,298.6666666666667,11,11
2024-12,Psychiatry,19228.63,391,16,0.17571875,0.125,2024-12-01,16988.05,11179.59,365.0,18.0,0.2022,0.05555555555555555,12992.163333333336,280.0,12,12
2025-01,Psychiatry,16246.77,346,16,0.19075,0.0,2025-01-01,19228.63,16988.05,391.0,16.0,0.17571875,0.125,15798.756666666668,331.3333333333333,1,13
2025-02,Psychiatry,11499.34,223,9,0.1431888888888889,0.0,2025-02-01,16246.77,19228.63,346.0,16.0,0.19075,0.0,17487.816666666666,367.3333333333333,2,14
2025-03,Psychiatry,22044.45,458,19,0.17123684210526316,0.15789473684210525,2025-03-01,11499.34,16246.77,223.0,9.0,0.1431888888888889,0.0,15658.246666666668,320.0,3,15
2025-04,Psychiatry,21589.89,464,17,0.19208235294117648,0.11764705882352941,2025-04-01,22044.45,11499.34,458.0,19.0,0.17123684210526316,0.15789473684210525,16596.853333333336,342.3333333333333,4,16
2025-05,Psychiatry,18724.3,407,18,0.19848333333333334,0.05555555555555555,2025-05-01,21589.89,22044.45,464.0,17.0,0.19208235294117648,0.11764705882352941,18377.893333333337,381.6666666666667,5,17
2025-06,Psychiatry,23723.7,516,19,0.19302631578947368,0.10526315789473684,2025-06-01,18724.3,21589.89,407.0,18.0,0.19848333333333334,0.05555555555555555,20786.213333333333,443.0,6,18
2025-07,Psychiatry,14219.75,293,12,0.143275,0.0,2025-07-01,23723.7,18724.3,516.0,19.0,0.19302631578947368,0.10526315789473684,21345.963333333337,462.3333333333333,7,19
2025-08,Psychiatry,11466.98,251,12,0.20353333333333332,0.08333333333333333,2025-08-01,14219.75,23723.7,293.0,12.0,0.143275,0.0,18889.25,405.3333333333333,8,20
2025-09,Psychiatry,14075.08,313,14,0.22238571428571427,0.14285714285714285,2025-09-01,11466.98,14219.75,251.0,12.0,0.20353333333333332,0.08333333333333333,16470.143333333337,353.3333333333333,9,21
2025-10,Psychiatry,15017.52,313,13,0.1732153846153846,0.15384615384615385,2025-10-01,14075.08,11466.98,313.0,14.0,0.22238571428571427,0.14285714285714285,13253.936666666668,285.6666666666667,10,22
2025-11,Psychiatry,11596.97,240,12,0.1733,0.0,2025-11-01,15017.52,14075.08,313.0,13.0,0.1732153846153846,0.15384615384615385,13519.86,292.3333333333333,11,23
2025-12,Psychiatry,15526.61,326,14,0.1853642857142857,0.0,2025-12-01,11596.97,15017.52,240.0,12.0,0.1733,0.0,13563.190000000002,288.6666666666667,12,24
2024-01,Rare Disease,140265.61,1404,30,0.17846666666666666,0.1,2024-01-01,,,,,,,,,1,1
2024-02,Rare Disease,63463.78,704,15,0.20378666666666667,0.0,2024-02-01,140265.61,,1404.0,30.0,0.17846666666666666,0.1,140265.61,1404.0,2,2
2024-03,Rare Disease,139875.6,1403,27,0.17858148148148148,0.18518518518518517,2024-03-01,63463.78,140265.61,704.0,15.0,0.20378666666666667,0.0,101864.69499999999,1054.0,3,3
2024-04,Rare Disease,122079.41,1254,20,0.193575,0.35,2024-04-01,139875.6,63463.78,1403.0,27.0,0.17858148148148148,0.18518518518518517,114534.99666666666,1170.3333333333333,4,4
2024-05,Rare Disease,123976.47,1304,23,0.19563478260869566,0.08695652173913043,2024-05-01,122079.41,139875.6,1254.0,20.0,0.193575,0.35,108472.93000000001,1120.3333333333333,5,5
2024-06,Rare Disease,133473.56,1351,24,0.17235416666666667,0.041666666666666664,2024-06-01,123976.47,122079.41,1304.0,23.0,0.19563478260869566,0.08695652173913043,128643.82666666666,1320.3333333333333,6,6
2024-07,Rare Disease,81717.11,789,16,0.16040625,0.0625,2024-07-01,133473.56,123976.47,1351.0,24.0,0.17235416666666667,0.041666666666666664,126509.81333333334,1303.0,7,7
2024-08,Rare Disease,97161.05,964,19,0.17635263157894734,0.15789473684210525,2024-08-01,81717.11,133473.56,789.0,16.0,0.16040625,0.0625,113055.71333333333,1148.0,8,8
2024-09,Rare Disease,90523.81,848,19,0.1442578947368421,0.05263157894736842,2024-09-01,97161.05,81717.11,964.0,19.0,0.17635263157894734,0.15789473684210525,104117.23999999999,1034.6666666666667,9,9
2024-10,Rare Disease,100279.84,995,20,0.16521000000000002,0.05,2024-10-01,90523.81,97161.05,848.0,19.0,0.1442578947368421,0.05263157894736842,89800.65666666666,867.0,10,10
2024-11,Rare Disease,132947.25,1333,24,0.1752125,0.08333333333333333,2024-11-01,100279.84,90523.81,995.0,20.0,0.16521000000000002,0.05,95988.23333333334,935.6666666666666,11,11
2024-12,Rare Disease,105231.91,1149,19,0.22236842105263155,0.15789473684210525,2024-12-01,132947.25,100279.84,1333.0,24.0,0.1752125,0.08333333333333333,107916.96666666667,1058.6666666666667,12,12
2025-01,Rare Disease,104117.6,1066,17,0.20000588235294117,0.11764705882352941,2025-01-01,105231.91,132947.25,1149.0,19.0,0.22236842105263155,0.15789473684210525,112819.66666666667,1159.0,1,13
2025-02,Rare Disease,127186.55,1283,19,0.19266315789473684,0.21052631578947367,2025-02-01,104117.6,105231.91,1066.0,17.0,0.20000588235294117,0.11764705882352941,114098.92,1182.6666666666667,2,14
2025-03,Rare Disease,151315.31,1535,21,0.18442857142857144,0.38095238095238093,2025-03-01,127186.55,104117.6,1283.0,19.0,0.19266315789473684,0.21052631578947367,112178.68666666666,1166.0,3,15
2025-04,Rare Disease,103133.85,1052,14,0.17817142857142856,0.21428571428571427,2025-04-01,151315.31,127186.55,1535.0,21.0,0.18442857142857144,0.38095238095238093,127539.81999999999,1294.6666666666667,4,16
2025-05,Rare Disease,161420.63999999998,1680,22,0.16020454545454546,0.045454545454545456,2025-05-01,103133.85,151315.31,1052.0,14.0,0.17817142857142856,0.21428571428571427,127211.90333333334,1290.0,5,17
2025-06,Rare Disease,188704.39,1917,25,0.169712,0.0,2025-06-01,161420.63999999998,103133.85,1680.0,22.0,0.16020454545454546,0.045454545454545456,138623.26666666663,1422.3333333333333,6,18
2025-07,Rare Disease,115148.82,1170,17,0.1835235294117647,0.058823529411764705,2025-07-01,188704.39,161420.63999999998,1917.0,25.0,0.169712,0.0,151086.29333333333,1549.6666666666667,7,19
2025-08,Rare Disease,100300.09,1028,16,0.17901875,0.0,2025-08-01,115148.82,188704.39,1170.0,17.0,0.1835235294117647,0.058823529411764705,155091.28333333333,1589.0,8,20
2025-09,Rare Disease,139497.45,1491,21,0.21106666666666668,0.23809523809523808,2025-09-01,100300.09,115148.82,1028.0,16.0,0.17901875,0.0,134717.76666666666,1371.6666666666667,9,21
2025-10,Rare Disease,160039.83000000002,1692,27,0.20581481481481484,0.2222222222222222,2025-10-01,139497.45,100300.09,1491.0,21.0,0.21106666666666668,0.23809523809523808,118315.45333333332,1229.6666666666667,10,22
2025-11,Rare Disease,166150.17,1707,24,0.19515833333333332,0.0,2025-11-01,160039.83000000002,139497.45,1692.0,27.0,0.20581481481481484,0.2222222222222222,133279.12333333332,1403.6666666666667,11,23
2025-12,Rare Disease,179421.99,1742,26,0.16712307692307693,0.15384615384615385,2025-12-01,166150.17,160039.83000000002,1707.0,24.0,0.19515833333333332,0.0,155229.15000000002,1630.0,12,24
2024-01,Renal Care,25202.56,489,22,0.17486363636363636,0.22727272727272727,2024-01-01,,,,,,,,,1,1
2024-02,Renal Care,16479.53,318,13,0.1691230769230769,0.15384615384615385,2024-02-01,25202.56,,489.0,22.0,0.17486363636363636,0.22727272727272727,25202.56,489.0,2,2
2024-03,Renal Care,21094.239999999998,446,18,0.20944444444444443,0.0,2024-03-01,16479.53,25202.56,318.0,13.0,0.1691230769230769,0.15384615384615385,20841.045,403.5,3,3
2024-04,Renal Care,16865.31,333,13,0.18156153846153847,0.3076923076923077,2024-04-01,21094.239999999998,16479.53,446.0,18.0,0.20944444444444443,0.0,20925.443333333333,417.6666666666667,4,4
2024-05,Renal Care,25057.25,467,16,0.15533125,0.0,2024-05-01,16865.31,21094.239999999998,333.0,13.0,0.18156153846153847,0.3076923076923077,18146.36,365.6666666666667,5,5
2024-06,Renal Care,28301.22,552,21,0.17572380952380953,0.0,2024-06-01,25057.25,16865.31,467.0,16.0,0.15533125,0.0,21005.600000000002,415.3333333333333,6,6
2024-07,Renal Care,23836.36,482,21,0.17227619047619047,0.14285714285714285,2024-07-01,28301.22,25057.25,552.0,21.0,0.17572380952380953,0.0,23407.926666666666,450.6666666666667,7,7
2024-08,Renal Care,19816.77,382,15,0.16074666666666668,0.0,2024-08-01,23836.36,28301.22,482.0,21.0,0.17227619047619047,0.14285714285714285,25731.61,500.3333333333333,8,8
2024-09,Renal Care,11176.23,227,9,0.19591111111111112,0.1111111111111111,2024-09-01,19816.77,23836.36,382.0,15.0,0.16074666666666668,0.0,23984.783333333336,472.0,9,9
2024-10,Renal Care,17064.74,362,14,0.22218571428571426,0.07142857142857142,2024-10-01,11176.23,19816.77,227.0,9.0,0.19591111111111112,0.1111111111111111,18276.453333333335,363.6666666666667,10,10
2024-11,Renal Care,8289.41,165,7,0.16484285714285712,0.14285714285714285,2024-11-01,17064.74,11176.23,362.0,14.0,0.22218571428571426,0.07142857142857142,16019.246666666668,323.6666666666667,11,11
2024-12,Renal Care,27425.45,553,22,0.1870318181818182,0.09090909090909091,2024-12-01,8289.41,17064.74,165.0,7.0,0.16484285714285712,0.14285714285714285,12176.793333333335,251.33333333333334,12,12
2025-01,Renal Care,15011.66,317,12,0.16911666666666667,0.0,2025-01-01,27425.45,8289.41,553.0,22.0,0.1870318181818182,0.09090909090909091,17593.2,360.0,1,13
2025-02,Renal Care,22389.64,450,14,0.19279285714285715,0.07142857142857142,2025-02-01,15011.66,27425.45,317.0,12.0,0.16911666666666667,0.0,16908.84,345.0,2,14
2025-03,Renal Care,23762.63,500,15,0.20063999999999999,0.2,2025-03-01,22389.64,15011.66,450.0,14.0,0.19279285714285715,0.07142857142857142,21608.916666666668,440.0,3,15
2025-04,Renal Care,35127.19,730,21,0.21444285714285716,0.14285714285714285,2025-04-01,23762.63,22389.64,500.0,15.0,0.20063999999999999,0.2,20387.97666666667,422.3333333333333,4,16
2025-05,Renal Care,28391.76,540,17,0.16503529411764706,0.058823529411764705,2025-05-01,35127.19,23762.63,730.0,21.0,0.21444285714285716,0.14285714285714285,27093.153333333335,560.0,5,17
2025-06,Renal Care,29272.71,576,17,0.17486470588235295,0.058823529411764705,2025-06-01,28391.76,35127.19,540.0,17.0,0.16503529411764706,0.058823529411764705,29093.86,590.0,6,18
2025-07,Renal Care,36909.11,749,25,0.21434,0.2,2025-07-01,29272.71,28391.76,576.0,17.0,0.17486470588235295,0.058823529411764705,30930.553333333333,615.3333333333334,7,19
2025-08,Renal Care,25626.760000000002,530,18,0.2068777777777778,0.1111111111111111,2025-08-01,36909.11,29272.71,749.0,25.0,0.21434,0.2,31524.52666666667,621.6666666666666,8,20
2025-09,Renal Care,26479.49,540,18,0.19268888888888888,0.1111111111111111,2025-09-01,25626.760000000002,36909.11,530.0,18.0,0.2068777777777778,0.1111111111111111,30602.860000000004,618.3333333333334,9,21
2025-10,Renal Care,42829.97,873,30,0.19448000000000001,0.2,2025-10-01,26479.49,25626.760000000002,540.0,18.0,0.19268888888888888,0.1111111111111111,29671.786666666667,606.3333333333334,10,22
2025-11,Renal Care,28629.52,555,19,0.17398421052631577,0.10526315789473684,2025-11-01,42829.97,26479.49,873.0,30.0,0.19448000000000001,0.2,31645.406666666666,647.6666666666666,11,23
2025-12,Renal Care,36252.34,693,23,0.14487826086956523,0.08695652173913043,2025-12-01,28629.52,42829.97,555.0,19.0,0.17398421052631577,0.10526315789473684,32646.326666666664,656.0,12,24
2024-01,Respiratory,18868.75,489,19,0.20161578947368422,0.2631578947368421,2024-01-01,,,,,,,,,1,1
2024-02,Respiratory,15413.81,402,15,0.2261733333333333,0.3333333333333333,2024-02-01,18868.75,,489.0,19.0,0.20161578947368422,0.2631578947368421,18868.75,489.0,2,2
2024-03,Respiratory,21250.72,547,19,0.18673157894736842,0.3157894736842105,2024-03-01,15413.81,18868.75,402.0,15.0,0.2261733333333333,0.3333333333333333,17141.28,445.5,3,3
2024-04,Respiratory,19643.62,487,18,0.18713888888888888,0.2222222222222222,2024-04-01,21250.72,15413.81,547.0,19.0,0.18673157894736842,0.3157894736842105,18511.093333333334,479.3333333333333,4,4
2024-05,Respiratory,18612.2,478,17,0.20708235294117647,0.23529411764705882,2024-05-01,19643.62,21250.72,487.0,18.0,0.18713888888888888,0.2222222222222222,18769.38333333333,478.6666666666667,5,5
2024-06,Respiratory,11444.75,277,12,0.169225,0.25,2024-06-01,18612.2,19643.62,478.0,17.0,0.20708235294117647,0.23529411764705882,19835.513333333332,504.0,6,6
2024-07,Respiratory,12804.92,329,13,0.19283846153846154,0.23076923076923078,2024-07-01,11444.75,18612.2,277.0,12.0,0.169225,0.25,16566.856666666667,414.0,7,7
2024-08,Respiratory,15727.06,409,19,0.2519526315789474,0.21052631578947367,2024-08-01,12804.92,11444.75,329.0,13.0,0.19283846153846154,0.23076923076923078,14287.29,361.3333333333333,8,8
2024-09,Respiratory,12884.12,311,15,0.19516666666666665,0.4666666666666667,2024-09-01,15727.06,12804.92,409.0,19.0,0.2519526315789474,0.21052631578947367,13325.576666666666,338.3333333333333,9,9
2024-10,Respiratory,9580.77,232,11,0.18014545454545455,0.18181818181818182,2024-10-01,12884.12,15727.06,311.0,15.0,0.19516666666666665,0.4666666666666667,13805.366666666667,349.6666666666667,10,10
2024-11,Respiratory,13004.04,334,14,0.18453571428571428,0.2857142857142857,2024-11-01,9580.77,12884.12,232.0,11.0,0.18014545454545455,0.18181818181818182,12730.650000000001,317.3333333333333,11,11
2024-12,Respiratory,21854.62,559,26,0.1908,0.19230769230769232,2024-12-01,13004.04,9580.77,334.0,14.0,0.18453571428571428,0.2857142857142857,11822.976666666667,292.3333333333333,12,12
2025-01,Respiratory,13115.5,312,13,0.1776076923076923,0.3076923076923077,2025-01-01,21854.62,13004.04,559.0,26.0,0.1908,0.19230769230769232,14813.143333333333,375.0,1,13
2025-02,Respiratory,12709.79,324,13,0.17525384615384618,0.15384615384615385,2025-02-01,13115.5,21854.62,312.0,13.0,0.1776076923076923,0.3076923076923077,15991.386666666667,401.6666666666667,2,14
2025-03,Respiratory,18112.03,469,14,0.19315714285714286,0.35714285714285715,2025-03-01,12709.79,13115.5,324.0,13.0,0.17525384615384618,0.15384615384615385,15893.303333333335,398.3333333333333,3,15
2025-04,Respiratory,10196.12,256,9,0.1892888888888889,0.3333333333333333,2025-04-01,18112.03,12709.79,469.0,14.0,0.19315714285714286,0.35714285714285715,14645.773333333333,368.3333333333333,4,16
2025-05,Respiratory,22096.45,548,19,0.17852105263157894,0.21052631578947367,2025-05-01,10196.12,18112.03,256.0,9.0,0.1892888888888889,0.3333333333333333,13672.646666666667,349.6666666666667,5,17
2025-06,Respiratory,17024.78,434,16,0.19900625,0.375,2025-06-01,22096.45,10196.12,548.0,19.0,0.17852105263157894,0.21052631578947367,16801.533333333333,424.3333333333333,6,18
2025-07,Respiratory,11966.77,324,11,0.21804545454545454,0.45454545454545453,2025-07-01,17024.78,22096.45,434.0,16.0,0.19900625,0.375,16439.116666666665,412.6666666666667,7,19
2025-08,Respiratory,10130.24,262,10,0.21196,0.1,2025-08-01,11966.77,17024.78,324.0,11.0,0.21804545454545454,0.45454545454545453,17029.333333333332,435.3333333333333,8,20
2025-09,Respiratory,15298.85,389,15,0.18284,0.26666666666666666,2025-09-01,10130.24,11966.77,262.0,10.0,0.21196,0.1,13040.596666666666,340.0,9,21
2025-10,Respiratory,20324.54,529,21,0.20684285714285716,0.3333333333333333,2025-10-01,15298.85,10130.24,389.0,15.0,0.18284,0.26666666666666666,12465.286666666667,325.0,10,22
2025-11,Respiratory,5584.83,143,5,0.20550000000000002,0.6,2025-11-01,20324.54,15298.85,529.0,21.0,0.20684285714285716,0.3333333333333333,15251.210000000001,393.3333333333333,11,23
2025-12,Respiratory,10065.869999999999,243,12,0.17889166666666667,0.08333333333333333,2025-12-01,5584.83,20324.54,143.0,5.0,0.20550000000000002,0.6,13736.073333333334,353.6666666666667,12,24
2024-01,Rheumatology,16184.76,421,19,0.1935421052631579,0.15789473684210525,2024-01-01,,,,,,,,,1,1
2024-02,Rheumatology,22524.95,595,22,0.19497727272727275,0.2727272727272727,2024-02-01,16184.76,,421.0,19.0,0.1935421052631579,0.15789473684210525,16184.76,421.0,2,2
2024-03,Rheumatology,18999.22,510,19,0.23792631578947368,0.47368421052631576,2024-03-01,22524.95,16184.76,595.0,22.0,0.19497727272727275,0.2727272727272727,19354.855,508.0,3,3
2024-04,Rheumatology,19182.14,516,15,0.20111333333333334,0.2,2024-04-01,18999.22,22524.95,510.0,19.0,0.23792631578947368,0.47368421052631576,19236.31,508.6666666666667,4,4
2024-05,Rheumatology,23384.98,618,20,0.206285,0.4,2024-05-01,19182.14,18999.22,516.0,15.0,0.20111333333333334,0.2,20235.436666666665,540.3333333333334,5,5
2024-06,Rheumatology,19993.68,522,18,0.18936111111111112,0.4444444444444444,2024-06-01,23384.98,19182.14,618.0,20.0,0.206285,0.4,20522.113333333335,548.0,6,6
2024-07,Rheumatology,17810.05,479,17,0.2021764705882353,0.17647058823529413,2024-07-01,19993.68,23384.98,522.0,18.0,0.18936111111111112,0.4444444444444444,20853.600000000002,552.0,7,7
2024-08,Rheumatology,19901.59,552,20,0.231595,0.5,2024-08-01,17810.05,19993.68,479.0,17.0,0.2021764705882353,0.17647058823529413,20396.236666666668,539.6666666666666,8,8
2024-09,Rheumatology,10836.25,278,11,0.17556363636363637,0.09090909090909091,2024-09-01,19901.59,17810.05,552.0,20.0,0.231595,0.5,19235.10666666667,517.6666666666666,9,9
2024-10,Rheumatology,15443.66,400,16,0.1903375,0.1875,2024-10-01,10836.25,19901.59,278.0,11.0,0.17556363636363637,0.09090909090909091,16182.63,436.3333333333333,10,10
2024-11,Rheumatology,13927.37,357,14,0.1733357142857143,0.14285714285714285,2024-11-01,15443.66,10836.25,400.0,16.0,0.1903375,0.1875,15393.833333333334,410.0,11,11
2024-12,Rheumatology,11408.9,318,9,0.22712222222222225,0.4444444444444444,2024-12-01,13927.37,15443.66,357.0,14.0,0.1733357142857143,0.14285714285714285,13402.426666666668,345.0,12,12
2025-01,Rheumatology,33459.03,864,25,0.186808,0.4,2025-01-01,11408.9,13927.37,318.0,9.0,0.22712222222222225,0.4444444444444444,13593.310000000003,358.3333333333333,1,13
2025-02,Rheumatology,22799.78,607,17,0.1842764705882353,0.23529411764705882,2025-02-01,33459.03,11408.9,864.0,25.0,0.186808,0.4,19598.433333333334,513.0,2,14
2025-03,Rheumatology,14517.380000000001,408,11,0.20929999999999999,0.36363636363636365,2025-03-01,22799.78,33459.03,607.0,17.0,0.1842764705882353,0.23529411764705882,22555.903333333332,596.3333333333334,3,15
2025-04,Rheumatology,25918.06,700,18,0.20137777777777777,0.4444444444444444,2025-04-01,14517.380000000001,22799.78,408.0,11.0,0.20929999999999999,0.36363636363636365,23592.063333333335,626.3333333333334,4,16
2025-05,Rheumatology,24558.32,669,17,0.2118764705882353,0.29411764705882354,2025-05-01,25918.06,14517.380000000001,700.0,18.0,0.20137777777777777,0.4444444444444444,21078.40666666667,571.6666666666666,5,17
2025-06,Rheumatology,37274.69,961,24,0.193125,0.4166666666666667,2025-06-01,24558.32,25918.06,669.0,17.0,0.2118764705882353,0.29411764705882354,21664.58666666667,592.3333333333334,6,18
2025-07,Rheumatology,20067.65,526,13,0.17577692307692308,0.15384615384615385,2025-07-01,37274.69,24558.32,961.0,24.0,0.193125,0.4166666666666667,29250.35666666667,776.6666666666666,7,19
2025-08,Rheumatology,24314.22,664,18,0.21280555555555555,0.3333333333333333,2025-08-01,20067.65,37274.69,526.0,13.0,0.17577692307692308,0.15384615384615385,27300.22,718.6666666666666,8,20
2025-09,Rheumatology,26833.97,713,20,0.19033,0.1,2025-09-01,24314.22,20067.65,664.0,18.0,0.21280555555555555,0.3333333333333333,27218.853333333336,717.0,9,21
2025-10,Rheumatology,25836.79,685,18,0.20088333333333333,0.2777777777777778,2025-10-01,26833.97,24314.22,713.0,20.0,0.19033,0.1,23738.61333333334,634.3333333333334,10,22
2025-11,Rheumatology,17329.82,455,13,0.18217692307692307,0.15384615384615385,2025-11-01,25836.79,26833.97,685.0,18.0,0.20088333333333333,0.2777777777777778,25661.660000000003,687.3333333333334,11,23
2025-12,Rheumatology,27713.81,709,17,0.16144117647058823,0.4117647058823529,2025-12-01,17329.82,25836.79,455.0,13.0,0.18217692307692307,0.15384615384615385,23333.526666666672,617.6666666666666,12,24
2024-01,Sleep Care,1267.82,39,6,0.14283333333333334,0.0,2024-01-01,,,,,,,,,1,1
2024-02,Sleep Care,281.69,12,1,0.38,0.0,2024-02-01,1267.82,,39.0,6.0,0.14283333333333334,0.0,1267.82,39.0,2,2
2024-03,Sleep Care,1127.74,37,5,0.24472,0.0,2024-03-01,281.69,1267.82,12.0,1.0,0.38,0.0,774.755,25.5,3,3
2024-04,Sleep Care,502.49,16,2,0.2305,0.0,2024-04-01,1127.74,281.69,37.0,5.0,0.24472,0.0,892.4166666666666,29.333333333333332,4,4
2024-05,Sleep Care,1380.13,43,6,0.1954,0.0,2024-05-01,502.49,1127.74,16.0,2.0,0.2305,0.0,637.3066666666667,21.666666666666668,5,5
2024-06,Sleep Care,353.88,11,2,0.16394999999999998,0.5,2024-06-01,1380.13,502.49,43.0,6.0,0.1954,0.0,1003.4533333333334,32.0,6,6
2024-07,Sleep Care,799.01,26,4,0.198,0.0,2024-07-01,353.88,1380.13,11.0,2.0,0.16394999999999998,0.5,745.5,23.333333333333332,7,7
2024-09,Sleep Care,617.63,19,3,0.14393333333333333,0.0,2024-09-01,799.01,353.88,26.0,4.0,0.198,0.0,844.34,26.666666666666668,9,9
2024-10,Sleep Care,766.12,22,4,0.12104999999999999,0.0,2024-10-01,617.63,799.01,19.0,3.0,0.14393333333333333,0.0,590.1733333333333,18.666666666666668,10,10
2024-11,Sleep Care,658.04,21,5,0.23054000000000002,0.0,2024-11-01,766.12,617.63,22.0,4.0,0.12104999999999999,0.0,727.5866666666666,22.333333333333332,11,11
2024-12,Sleep Care,321.74,11,2,0.25465,0.0,2024-12-01,658.04,766.12,21.0,5.0,0.23054000000000002,0.0,680.5966666666667,20.666666666666668,12,12
2025-01,Sleep Care,145.87,4,1,0.1017,0.0,2025-01-01,321.74,658.04,11.0,2.0,0.25465,0.0,581.9666666666667,18.0,1,13
2025-02,Sleep Care,581.79,20,4,0.2102,0.0,2025-02-01,145.87,321.74,4.0,1.0,0.1017,0.0,375.2166666666667,12.0,2,14
2025-03,Sleep Care,285.13,9,2,0.1317,0.0,2025-03-01,581.79,145.87,20.0,4.0,0.2102,0.0,349.8,11.666666666666666,3,15
2025-04,Sleep Care,515.46,17,3,0.22276666666666667,0.3333333333333333,2025-04-01,285.13,581.79,9.0,2.0,0.1317,0.0,337.59666666666664,11.0,4,16
2025-05,Sleep Care,1101.65,32,5,0.13579999999999998,0.0,2025-05-01,515.46,285.13,17.0,3.0,0.22276666666666667,0.3333333333333333,460.79333333333335,15.333333333333334,5,17
2025-06,Sleep Care,153.82,5,1,0.1444,0.0,2025-06-01,1101.65,515.46,32.0,5.0,0.13579999999999998,0.0,634.08,19.333333333333332,6,18
2025-07,Sleep Care,697.53,22,3,0.15546666666666667,0.0,2025-07-01,153.82,1101.65,5.0,1.0,0.1444,0.0,590.3100000000001,18.0,7,19
2025-08,Sleep Care,819.29,26,3,0.1189,0.0,2025-08-01,697.53,153.82,22.0,3.0,0.15546666666666667,0.0,651.0000000000001,19.666666666666668,8,20
2025-09,Sleep Care,594.35,21,3,0.26363333333333333,0.3333333333333333,2025-09-01,819.29,697.53,26.0,3.0,0.1189,0.0,556.88,17.666666666666668,9,21
2025-11,Sleep Care,1405.43,44,5,0.22758000000000003,0.2,2025-11-01,594.35,819.29,21.0,3.0,0.26363333333333333,0.3333333333333333,703.7233333333334,23.0,11,23
2025-12,Sleep Care,884.65,29,3,0.26143333333333335,0.0,2025-12-01,1405.43,594.35,44.0,5.0,0.22758000000000003,0.2,939.6900000000002,30.333333333333332,12,24
2024-01,Smoking Cessation,157638.71,1961,42,0.19984523809523808,0.11904761904761904,2024-01-01,,,,,,,,,1,1
2024-02,Smoking Cessation,106183.03,1310,25,0.19402,0.08,2024-02-01,157638.71,,1961.0,42.0,0.19984523809523808,0.11904761904761904,157638.71,1961.0,2,2
2024-03,Smoking Cessation,185060.44,2229,40,0.1817825,0.175,2024-03-01,106183.03,157638.71,1310.0,25.0,0.19402,0.08,131910.87,1635.5,3,3
2024-04,Smoking Cessation,124579.24,1509,27,0.16603333333333334,0.14814814814814814,2024-04-01,185060.44,106183.03,2229.0,40.0,0.1817825,0.175,149627.39333333334,1833.3333333333333,4,4
2024-05,Smoking Cessation,146466.5,1855,30,0.19041333333333332,0.13333333333333333,2024-05-01,124579.24,185060.44,1509.0,27.0,0.16603333333333334,0.14814814814814814,138607.56999999998,1682.6666666666667,5,5
2024-06,Smoking Cessation,165566.97,1983,36,0.15359722222222222,0.05555555555555555,2024-06-01,146466.5,124579.24,1855.0,30.0,0.19041333333333332,0.13333333333333333,152035.39333333334,1864.3333333333333,6,6
2024-07,Smoking Cessation,139860.33,1787,31,0.2273774193548387,0.16129032258064516,2024-07-01,165566.97,146466.5,1983.0,36.0,0.15359722222222222,0.05555555555555555,145537.56999999998,1782.3333333333333,7,7
2024-08,Smoking Cessation,167183.68,2123,38,0.1906315789473684,0.13157894736842105,2024-08-01,139860.33,165566.97,1787.0,31.0,0.2273774193548387,0.16129032258064516,150631.26666666666,1875.0,8,8
2024-09,Smoking Cessation,134704.85,1659,30,0.18586333333333332,0.23333333333333334,2024-09-01,167183.68,139860.33,2123.0,38.0,0.1906315789473684,0.13157894736842105,157536.99333333332,1964.3333333333333,9,9
2024-10,Smoking Cessation,175802.56,2122,41,0.17240243902439026,0.12195121951219512,2024-10-01,134704.85,167183.68,1659.0,30.0,0.18586333333333332,0.23333333333333334,147249.62,1856.3333333333333,10,10
2024-11,Smoking Cessation,146503.48,1752,33,0.18071818181818183,0.09090909090909091,2024-11-01,175802.56,134704.85,2122.0,41.0,0.17240243902439026,0.12195121951219512,159230.3633333333,1968.0,11,11
2024-12,Smoking Cessation,125853.12,1566,25,0.18062,0.12,2024-12-01,146503.48,175802.56,1752.0,33.0,0.18071818181818183,0.09090909090909091,152336.96333333335,1844.3333333333333,12,12
2025-01,Smoking Cessation,192994.58,2346,37,0.18277027027027026,0.1891891891891892,2025-01-01,125853.12,146503.48,1566.0,25.0,0.18062,0.12,149386.3866666667,1813.3333333333333,1,13
2025-02,Smoking Cessation,152844.57,1865,27,0.1930222222222222,0.14814814814814814,2025-02-01,192994.58,125853.12,2346.0,37.0,0.18277027027027026,0.1891891891891892,155117.05999999997,1888.0,2,14
2025-03,Smoking Cessation,174014.33,2064,27,0.18104074074074072,0.14814814814814814,2025-03-01,152844.57,192994.58,1865.0,27.0,0.1930222222222222,0.14814814814814814,157230.75666666668,1925.6666666666667,3,15
2025-04,Smoking Cessation,158253.86,1919,25,0.186408,0.16,2025-04-01,174014.33,152844.57,2064.0,27.0,0.18104074074074072,0.14814814814814814,173284.49333333332,2091.6666666666665,4,16
2025-05,Smoking Cessation,211803.44,2532,34,0.1641205882352941,0.11764705882352941,2025-05-01,158253.86,174014.33,1919.0,25.0,0.186408,0.16,161704.25333333333,1949.3333333333333,5,17
2025-06,Smoking Cessation,133057.32,1663,24,0.20638333333333334,0.041666666666666664,2025-06-01,211803.44,158253.86,2532.0,34.0,0.1641205882352941,0.11764705882352941,181357.20999999996,2171.6666666666665,6,18
2025-07,Smoking Cessation,241869.32,2970,39,0.19142820512820513,0.1282051282051282,2025-07-01,133057.32,211803.44,1663.0,24.0,0.20638333333333334,0.041666666666666664,167704.87333333332,2038.0,7,19
2025-08,Smoking Cessation,191937.01,2356,33,0.19163333333333332,0.06060606060606061,2025-08-01,241869.32,133057.32,2970.0,39.0,0.19142820512820513,0.1282051282051282,195576.69333333336,2388.3333333333335,8,20
2025-09,Smoking Cessation,161403.61000000002,2000,29,0.19706206896551726,0.20689655172413793,2025-09-01,191937.01,241869.32,2356.0,33.0,0.19163333333333332,0.06060606060606061,188954.55000000002,2329.6666666666665,9,21
2025-10,Smoking Cessation,172295.44,2153,32,0.184525,0.09375,2025-10-01,161403.61000000002,191937.01,2000.0,29.0,0.19706206896551726,0.20689655172413793,198403.31333333335,2442.0,10,22
2025-11,Smoking Cessation,156005.07,1950,29,0.22424137931034482,0.20689655172413793,2025-11-01,172295.44,161403.61000000002,2153.0,32.0,0.184525,0.09375,175212.02000000002,2169.6666666666665,11,23
2025-12,Smoking Cessation,210555.88,2520,35,0.18148,0.11428571428571428,2025-12-01,156005.07,172295.44,1950.0,29.0,0.22424137931034482,0.20689655172413793,163234.70666666667,2034.3333333333333,12,24
2024-01,Urology,11338.460000000001,183,11,0.2315818181818182,0.36363636363636365,2024-01-01,,,,,,,,,1,1
2024-02,Urology,17435.93,250,13,0.18482307692307692,0.3076923076923077,2024-02-01,11338.460000000001,,183.0,11.0,0.2315818181818182,0.36363636363636365,11338.460000000001,183.0,2,2
2024-03,Urology,27455.55,418,21,0.2219142857142857,0.42857142857142855,2024-03-01,17435.93,11338.460000000001,250.0,13.0,0.18482307692307692,0.3076923076923077,14387.195,216.5,3,3
2024-04,Urology,18455.96,284,15,0.21788000000000002,0.5333333333333333,2024-04-01,27455.55,17435.93,418.0,21.0,0.2219142857142857,0.42857142857142855,18743.313333333335,283.6666666666667,4,4
2024-05,Urology,21947.02,335,16,0.22119375,0.3125,2024-05-01,18455.96,27455.55,284.0,15.0,0.21788000000000002,0.5333333333333333,21115.813333333335,317.3333333333333,5,5
2024-06,Urology,27465.510000000002,391,21,0.16705714285714285,0.047619047619047616,2024-06-01,21947.02,18455.96,335.0,16.0,0.22119375,0.3125,22619.51,345.6666666666667,6,6
2024-07,Urology,14912.32,221,10,0.21095000000000003,0.4,2024-07-01,27465.510000000002,21947.02,391.0,21.0,0.16705714285714285,0.047619047619047616,22622.829999999998,336.6666666666667,7,7
2024-08,Urology,27340.52,428,22,0.19864545454545454,0.3181818181818182,2024-08-01,14912.32,27465.510000000002,221.0,10.0,0.21095000000000003,0.4,21441.61666666667,315.6666666666667,8,8
2024-09,Urology,21271.61,309,17,0.1628529411764706,0.23529411764705882,2024-09-01,27340.52,14912.32,428.0,22.0,0.19864545454545454,0.3181818181818182,23239.45,346.6666666666667,9,9
2024-10,Urology,25362.02,402,20,0.252935,0.55,2024-10-01,21271.61,27340.52,309.0,17.0,0.1628529411764706,0.23529411764705882,21174.816666666666,319.3333333333333,10,10
2024-11,Urology,11185.76,169,10,0.16871,0.1,2024-11-01,25362.02,21271.61,402.0,20.0,0.252935,0.55,24658.05,379.6666666666667,11,11
2024-12,Urology,19371.36,300,15,0.21323999999999999,0.26666666666666666,2024-12-01,11185.76,25362.02,169.0,10.0,0.16871,0.1,19273.13,293.3333333333333,12,12
2025-01,Urology,25710.67,392,17,0.1899235294117647,0.5294117647058824,2025-01-01,19371.36,11185.76,300.0,15.0,0.21323999999999999,0.26666666666666666,18639.713333333333,290.3333333333333,1,13
2025-02,Urology,18388.31,265,10,0.19985,0.2,2025-02-01,25710.67,19371.36,392.0,17.0,0.1899235294117647,0.5294117647058824,18755.93,287.0,2,14
2025-03,Urology,22124.91,344,13,0.20776153846153844,0.5384615384615384,2025-03-01,18388.31,25710.67,265.0,10.0,0.19985,0.2,21156.78,319.0,3,15
2025-04,Urology,27870.12,433,13,0.21513846153846156,0.46153846153846156,2025-04-01,22124.91,18388.31,344.0,13.0,0.20776153846153844,0.5384615384615384,22074.63,333.6666666666667,4,16
2025-05,Urology,34995.97,512,18,0.18986666666666668,0.2222222222222222,2025-05-01,27870.12,22124.91,433.0,13.0,0.21513846153846156,0.46153846153846156,22794.446666666667,347.3333333333333,5,17
2025-06,Urology,34181.73,540,21,0.22696666666666668,0.42857142857142855,2025-06-01,34995.97,27870.12,512.0,18.0,0.18986666666666668,0.2222222222222222,28330.333333333332,429.6666666666667,6,18
2025-07,Urology,21958.8,335,13,0.17610769230769233,0.07692307692307693,2025-07-01,34181.73,34995.97,540.0,21.0,0.22696666666666668,0.42857142857142855,32349.273333333334,495.0,7,19
2025-08,Urology,19883.79,309,12,0.22259166666666666,0.16666666666666666,2025-08-01,21958.8,34181.73,335.0,13.0,0.17610769230769233,0.07692307692307693,30378.833333333332,462.3333333333333,8,20
2025-09,Urology,28407.04,404,17,0.15860000000000002,0.23529411764705882,2025-09-01,19883.79,21958.8,309.0,12.0,0.22259166666666666,0.16666666666666666,25341.440000000002,394.6666666666667,9,21
2025-10,Urology,15859.47,225,9,0.19066666666666665,0.3333333333333333,2025-10-01,28407.04,19883.79,404.0,17.0,0.15860000000000002,0.23529411764705882,23416.543333333335,349.3333333333333,10,22
2025-11,Urology,25145.52,410,16,0.209975,0.375,2025-11-01,15859.47,28407.04,225.0,9.0,0.19066666666666665,0.3333333333333333,21383.43333333333,312.6666666666667,11,23
2025-12,Urology,41388.08,645,26,0.21249615384615383,0.3076923076923077,2025-12-01,25145.52,15859.47,410.0,16.0,0.209975,0.375,23137.343333333334,346.3333333333333,12,24
2024-01,Vaccines,24056.26,485,27,0.21025185185185186,0.07407407407407407,2024-01-01,,,,,,,,,1,1
2024-02,Vaccines,23865.84,460,24,0.18704583333333333,0.08333333333333333,2024-02-01,24056.26,,485.0,27.0,0.21025185185185186,0.07407407407407407,24056.26,485.0,2,2
2024-03,Vaccines,22620.68,443,20,0.20065499999999997,0.25,2024-03-01,23865.84,24056.26,460.0,24.0,0.18704583333333333,0.08333333333333333,23961.05,472.5,3,3
2024-04,Vaccines,20527.52,375,18,0.14255,0.16666666666666666,2024-04-01,22620.68,23865.84,443.0,20.0,0.20065499999999997,0.25,23514.26,462.6666666666667,4,4
2024-05,Vaccines,37795.61,719,34,0.18431176470588234,0.029411764705882353,2024-05-01,20527.52,22620.68,375.0,18.0,0.14255,0.16666666666666666,22338.013333333336,426.0,5,5
2024-06,Vaccines,26149.57,475,26,0.13128076923076923,0.0,2024-06-01,37795.61,20527.52,719.0,34.0,0.18431176470588234,0.029411764705882353,26981.27,512.3333333333334,6,6
2024-07,Vaccines,18452.89,360,18,0.18737222222222222,0.1111111111111111,2024-07-01,26149.57,37795.61,475.0,26.0,0.13128076923076923,0.0,28157.56666666667,523.0,7,7
2024-08,Vaccines,22102.69,415,23,0.15614782608695651,0.043478260869565216,2024-08-01,18452.89,26149.57,360.0,18.0,0.18737222222222222,0.1111111111111111,27466.023333333334,518.0,8,8
2024-09,Vaccines,12252.37,230,14,0.21162142857142857,0.07142857142857142,2024-09-01,22102.69,18452.89,415.0,23.0,0.15614782608695651,0.043478260869565216,22235.05,416.6666666666667,9,9
2024-10,Vaccines,21914.85,416,24,0.1813375,0.16666666666666666,2024-10-01,12252.37,22102.69,230.0,14.0,0.21162142857142857,0.07142857142857142,17602.649999999998,335.0,10,10
2024-11,Vaccines,14685.23,286,17,0.1691235294117647,0.058823529411764705,2024-11-01,21914.85,12252.37,416.0,24.0,0.1813375,0.16666666666666666,18756.636666666665,353.6666666666667,11,11
2024-12,Vaccines,25596.85,471,22,0.17345454545454544,0.09090909090909091,2024-12-01,14685.23,21914.85,286.0,17.0,0.1691235294117647,0.058823529411764705,16284.15,310.6666666666667,12,12
2025-01,Vaccines,25664.87,491,24,0.1928875,0.125,2025-01-01,25596.85,14685.23,471.0,22.0,0.17345454545454544,0.09090909090909091,20732.309999999998,391.0,1,13
2025-02,Vaccines,15810.0,307,15,0.18410666666666667,0.13333333333333333,2025-02-01,25664.87,25596.85,491.0,24.0,0.1928875,0.125,21982.316666666666,416.0,2,14
2025-03,Vaccines,25148.420000000002,476,20,0.16338999999999998,0.15,2025-03-01,15810.0,25664.87,307.0,15.0,0.18410666666666667,0.13333333333333333,22357.24,423.0,3,15
2025-04,Vaccines,26203.03,516,20,0.198135,0.15,2025-04-01,25148.420000000002,15810.0,476.0,20.0,0.16338999999999998,0.15,22207.763333333332,424.6666666666667,4,16
2025-05,Vaccines,15248.1,302,14,0.19977142857142857,0.14285714285714285,2025-05-01,26203.03,25148.420000000002,516.0,20.0,0.198135,0.15,22387.149999999998,433.0,5,17
2025-06,Vaccines,24667.48,453,20,0.17219500000000001,0.05,2025-06-01,15248.1,26203.03,302.0,14.0,0.19977142857142857,0.14285714285714285,22199.850000000002,431.3333333333333,6,18
2025-07,Vaccines,33582.84,646,29,0.1809,0.10344827586206896,2025-07-01,24667.48,15248.1,453.0,20.0,0.17219500000000001,0.05,22039.536666666667,423.6666666666667,7,19
2025-08,Vaccines,23540.07,467,20,0.19808,0.2,2025-08-01,33582.84,24667.48,646.0,29.0,0.1809,0.10344827586206896,24499.47333333333,467.0,8,20
2025-09,Vaccines,20854.41,424,20,0.22027999999999998,0.3,2025-09-01,23540.07,33582.84,467.0,20.0,0.19808,0.2,27263.46333333333,522.0,9,21
2025-10,Vaccines,17387.24,347,16,0.23225,0.1875,2025-10-01,20854.41,23540.07,424.0,20.0,0.22027999999999998,0.3,25992.44,512.3333333333334,10,22
2025-11,Vaccines,22395.17,447,21,0.22705238095238098,0.0,2025-11-01,17387.24,20854.41,347.0,16.0,0.23225,0.1875,20593.906666666666,412.6666666666667,11,23
2025-12,Vaccines,17879.94,348,17,0.19851176470588236,0.058823529411764705,2025-12-01,22395.17,17387.24,447.0,21.0,0.22705238095238098,0.0,20212.273333333334,406.0,12,24
2024-01,Vitamins,28327.61,461,20,0.174455,0.05,2024-01-01,,,,,,,,,1,1
2024-02,Vitamins,24787.36,417,16,0.176075,0.0625,2024-02-01,28327.61,,461.0,20.0,0.174455,0.05,28327.61,461.0,2,2
2024-03,Vitamins,38161.57,621,19,0.17045263157894736,0.2631578947368421,2024-03-01,24787.36,28327.61,417.0,16.0,0.176075,0.0625,26557.485,439.0,3,3
2024-04,Vitamins,26132.989999999998,418,16,0.1702125,0.125,2024-04-01,38161.57,24787.36,621.0,19.0,0.17045263157894736,0.2631578947368421,30425.513333333336,499.6666666666667,4,4
2024-05,Vitamins,29238.38,477,16,0.1777875,0.125,2024-05-01,26132.989999999998,38161.57,418.0,16.0,0.1702125,0.125,29693.97333333333,485.3333333333333,5,5
2024-06,Vitamins,30283.47,497,18,0.18955555555555556,0.16666666666666666,2024-06-01,29238.38,26132.989999999998,477.0,16.0,0.1777875,0.125,31177.646666666667,505.3333333333333,6,6
2024-07,Vitamins,37371.98,599,19,0.1857105263157895,0.15789473684210525,2024-07-01,30283.47,29238.38,497.0,18.0,0.18955555555555556,0.16666666666666666,28551.61333333333,464.0,7,7
2024-08,Vitamins,36199.31,570,21,0.18093809523809523,0.09523809523809523,2024-08-01,37371.98,30283.47,599.0,19.0,0.1857105263157895,0.15789473684210525,32297.94333333334,524.3333333333334,8,8
2024-09,Vitamins,23609.0,374,16,0.178375,0.125,2024-09-01,36199.31,37371.98,570.0,21.0,0.18093809523809523,0.09523809523809523,34618.253333333334,555.3333333333334,9,9
2024-10,Vitamins,25413.18,424,18,0.2076,0.2222222222222222,2024-10-01,23609.0,36199.31,374.0,16.0,0.178375,0.125,32393.430000000004,514.3333333333334,10,10
2024-11,Vitamins,22776.06,375,15,0.17290666666666665,0.06666666666666667,2024-11-01,25413.18,23609.0,424.0,18.0,0.2076,0.2222222222222222,28407.163333333334,456.0,11,11
2024-12,Vitamins,23790.73,375,14,0.16399285714285713,0.14285714285714285,2024-12-01,22776.06,25413.18,375.0,15.0,0.17290666666666665,0.06666666666666667,23932.74666666667,391.0,12,12
2025-01,Vitamins,22460.22,377,13,0.19184615384615383,0.15384615384615385,2025-01-01,23790.73,22776.06,375.0,14.0,0.16399285714285713,0.14285714285714285,23993.323333333334,391.3333333333333,1,13
2025-02,Vitamins,30007.33,486,15,0.1971,0.0,2025-02-01,22460.22,23790.73,377.0,13.0,0.19184615384615383,0.15384615384615385,23009.003333333338,375.6666666666667,2,14
2025-03,Vitamins,47774.31,777,22,0.17472727272727273,0.22727272727272727,2025-03-01,30007.33,22460.22,486.0,15.0,0.1971,0.0,25419.42666666667,412.6666666666667,3,15
2025-04,Vitamins,38875.24,641,17,0.20835294117647057,0.058823529411764705,2025-04-01,47774.31,30007.33,777.0,22.0,0.17472727272727273,0.22727272727272727,33413.95333333334,546.6666666666666,4,16
2025-05,Vitamins,32658.010000000002,549,16,0.19156875,0.125,2025-05-01,38875.24,47774.31,641.0,17.0,0.20835294117647057,0.058823529411764705,38885.62666666667,634.6666666666666,5,17
2025-06,Vitamins,47746.09,760,22,0.17451818181818182,0.13636363636363635,2025-06-01,32658.010000000002,38875.24,549.0,16.0,0.19156875,0.125,39769.18666666667,655.6666666666666,6,18
2025-07,Vitamins,27689.510000000002,447,15,0.17383333333333334,0.06666666666666667,2025-07-01,47746.09,32658.010000000002,760.0,22.0,0.17451818181818182,0.13636363636363635,39759.78,650.0,7,19
2025-08,Vitamins,31444.82,510,16,0.18715625,0.125,2025-08-01,27689.510000000002,47746.09,447.0,15.0,0.17383333333333334,0.06666666666666667,36031.20333333334,585.3333333333334,8,20
2025-09,Vitamins,37787.78,615,20,0.170595,0.05,2025-09-01,31444.82,27689.510000000002,510.0,16.0,0.18715625,0.125,35626.80666666667,572.3333333333334,9,21
2025-10,Vitamins,28748.04,458,15,0.17786666666666667,0.13333333333333333,2025-10-01,37787.78,31444.82,615.0,20.0,0.170595,0.05,32307.370000000006,524.0,10,22
2025-11,Vitamins,23993.35,392,13,0.16874615384615385,0.3076923076923077,2025-11-01,28748.04,37787.78,458.0,15.0,0.17786666666666667,0.13333333333333333,32660.213333333333,527.6666666666666,11,23
2025-12,Vitamins,38616.25,641,18,0.21535,0.16666666666666666,2025-12-01,23993.35,28748.04,392.0,13.0,0.16874615384615385,0.3076923076923077,30176.390000000003,488.3333333333333,12,24
2024-01,Weight Management,34277.6,554,20,0.17902,0.1,2024-01-01,,,,,,,,,1,1
2024-02,Weight Management,56074.62,908,29,0.18071379310344826,0.13793103448275862,2024-02-01,34277.6,,554.0,20.0,0.17902,0.1,34277.6,554.0,2,2
2024-03,Weight Management,35407.33,591,17,0.1746705882352941,0.058823529411764705,2024-03-01,56074.62,34277.6,908.0,29.0,0.18071379310344826,0.13793103448275862,45176.11,731.0,3,3
2024-04,Weight Management,52711.39,818,22,0.1670090909090909,0.045454545454545456,2024-04-01,35407.33,56074.62,591.0,17.0,0.1746705882352941,0.058823529411764705,41919.85,684.3333333333334,4,4
2024-05,Weight Management,39858.55,632,19,0.17037894736842105,0.15789473684210525,2024-05-01,52711.39,35407.33,818.0,22.0,0.1670090909090909,0.045454545454545456,48064.44666666668,772.3333333333334,5,5
2024-06,Weight Management,53092.04,843,25,0.175112,0.12,2024-06-01,39858.55,52711.39,632.0,19.0,0.17037894736842105,0.15789473684210525,42659.090000000004,680.3333333333334,6,6
2024-07,Weight Management,41986.3,681,21,0.19851904761904762,0.23809523809523808,2024-07-01,53092.04,39858.55,843.0,25.0,0.175112,0.12,48553.99333333334,764.3333333333334,7,7
2024-08,Weight Management,35711.020000000004,575,18,0.19827777777777778,0.16666666666666666,2024-08-01,41986.3,53092.04,681.0,21.0,0.19851904761904762,0.23809523809523808,44978.96333333334,718.6666666666666,8,8
2024-09,Weight Management,27065.37,449,16,0.18769375,0.0625,2024-09-01,35711.020000000004,41986.3,575.0,18.0,0.19827777777777778,0.16666666666666666,43596.45333333334,699.6666666666666,9,9
2024-10,Weight Management,23360.15,372,14,0.17386428571428572,0.2857142857142857,2024-10-01,27065.37,35711.020000000004,449.0,16.0,0.18769375,0.0625,34920.89666666667,568.3333333333334,10,10
2024-11,Weight Management,47686.92,763,25,0.181296,0.04,2024-11-01,23360.15,27065.37,372.0,14.0,0.17386428571428572,0.2857142857142857,28712.180000000004,465.3333333333333,11,11
2024-12,Weight Management,27813.69,454,14,0.18435,0.07142857142857142,2024-12-01,47686.92,23360.15,763.0,25.0,0.181296,0.04,32704.146666666667,528.0,12,12
2025-01,Weight Management,37079.24,610,17,0.19866470588235294,0.23529411764705882,2025-01-01,27813.69,47686.92,454.0,14.0,0.18435,0.07142857142857142,32953.58666666667,529.6666666666666,1,13
2025-02,Weight Management,41715.16,685,18,0.178,0.05555555555555555,2025-02-01,37079.24,27813.69,610.0,17.0,0.19866470588235294,0.23529411764705882,37526.61666666666,609.0,2,14
2025-03,Weight Management,50017.909999999996,810,20,0.20148000000000002,0.35,2025-03-01,41715.16,37079.24,685.0,18.0,0.178,0.05555555555555555,35536.03,583.0,3,15
2025-04,Weight Management,58383.24,899,24,0.15253333333333333,0.20833333333333334,2025-04-01,50017.909999999996,41715.16,810.0,20.0,0.20148000000000002,0.35,42937.43666666667,701.6666666666666,4,16
2025-05,Weight Management,52345.22,860,21,0.1954095238095238,0.0,2025-05-01,58383.24,50017.909999999996,899.0,24.0,0.15253333333333333,0.20833333333333334,50038.77,798.0,5,17
2025-06,Weight Management,53585.78,847,23,0.1502304347826087,0.043478260869565216,2025-06-01,52345.22,58383.24,860.0,21.0,0.1954095238095238,0.0,53582.12333333333,856.3333333333334,6,18
2025-07,Weight Management,35040.04,589,15,0.20660666666666666,0.13333333333333333,2025-07-01,53585.78,52345.22,847.0,23.0,0.1502304347826087,0.043478260869565216,54771.41333333333,868.6666666666666,7,19
2025-08,Weight Management,49572.34,806,25,0.200628,0.12,2025-08-01,35040.04,53585.78,589.0,15.0,0.20660666666666666,0.13333333333333333,46990.34666666667,765.3333333333334,8,20
2025-09,Weight Management,45460.89,731,20,0.19115,0.3,2025-09-01,49572.34,35040.04,806.0,25.0,0.200628,0.12,46066.05333333334,747.3333333333334,9,21
2025-10,Weight Management,33216.61,526,17,0.2010705882352941,0.17647058823529413,2025-10-01,45460.89,49572.34,731.0,20.0,0.19115,0.3,43357.75666666666,708.6666666666666,10,22
2025-11,Weight Management,25815.82,419,13,0.1727769230769231,0.07692307692307693,2025-11-01,33216.61,45460.89,526.0,17.0,0.2010705882352941,0.17647058823529413,42749.94666666666,687.6666666666666,11,23
2025-12,Weight Management,51942.54,834,23,0.1880695652173913,0.0,2025-12-01,25815.82,33216.61,419.0,13.0,0.1727769230769231,0.07692307692307693,34831.10666666667,558.6666666666666,12,24
2024-01,Women Health,12743.54,185,14,0.17181428571428572,0.21428571428571427,2024-01-01,,,,,,,,,1,1
2024-02,Women Health,19608.15,295,19,0.19480526315789473,0.05263157894736842,2024-02-01,12743.54,,185.0,14.0,0.17181428571428572,0.21428571428571427,12743.54,185.0,2,2
2024-03,Women Health,30543.02,444,27,0.17552592592592595,0.2962962962962963,2024-03-01,19608.15,12743.54,295.0,19.0,0.19480526315789473,0.05263157894736842,16175.845000000001,240.0,3,3
2024-04,Women Health,25773.21,387,22,0.18806818181818183,0.4090909090909091,2024-04-01,30543.02,19608.15,444.0,27.0,0.17552592592592595,0.2962962962962963,20964.903333333335,308.0,4,4
2024-05,Women Health,18166.58,263,17,0.19567058823529412,0.17647058823529413,2024-05-01,25773.21,30543.02,387.0,22.0,0.18806818181818183,0.4090909090909091,25308.126666666667,375.3333333333333,5,5
2024-06,Women Health,20572.35,300,20,0.16616999999999998,0.4,2024-06-01,18166.58,25773.21,263.0,17.0,0.19567058823529412,0.17647058823529413,24827.603333333333,364.6666666666667,6,6
2024-07,Women Health,28680.03,418,28,0.1734607142857143,0.10714285714285714,2024-07-01,20572.35,18166.58,300.0,20.0,0.16616999999999998,0.4,21504.046666666665,316.6666666666667,7,7
2024-08,Women Health,24425.97,363,25,0.2133,0.2,2024-08-01,28680.03,20572.35,418.0,28.0,0.1734607142857143,0.10714285714285714,22472.986666666668,327.0,8,8
2024-09,Women Health,16209.95,244,17,0.22287058823529413,0.29411764705882354,2024-09-01,24425.97,28680.03,363.0,25.0,0.2133,0.2,24559.45,360.3333333333333,9,9
2024-10,Women Health,15898.35,231,21,0.22049523809523808,0.3333333333333333,2024-10-01,16209.95,24425.97,244.0,17.0,0.22287058823529413,0.29411764705882354,23105.316666666666,341.6666666666667,10,10
2024-11,Women Health,16917.2,254,19,0.19097894736842105,0.10526315789473684,2024-11-01,15898.35,16209.95,231.0,21.0,0.22049523809523808,0.3333333333333333,18844.756666666664,279.3333333333333,11,11
2024-12,Women Health,25163.63,364,24,0.1802125,0.20833333333333334,2024-12-01,16917.2,15898.35,254.0,19.0,0.19097894736842105,0.10526315789473684,16341.833333333334,243.0,12,12
2025-01,Women Health,16050.69,235,15,0.17129333333333333,0.06666666666666667,2025-01-01,25163.63,16917.2,364.0,24.0,0.1802125,0.20833333333333334,19326.393333333337,283.0,1,13
2025-02,Women Health,21100.739999999998,320,20,0.19675,0.2,2025-02-01,16050.69,25163.63,235.0,15.0,0.17129333333333333,0.06666666666666667,19377.173333333336,284.3333333333333,2,14
2025-03,Women Health,21527.82,318,19,0.21192631578947368,0.15789473684210525,2025-03-01,21100.739999999998,16050.69,320.0,20.0,0.19675,0.2,20771.68666666667,306.3333333333333,3,15
2025-04,Women Health,26933.94,404,23,0.17991304347826087,0.21739130434782608,2025-04-01,21527.82,21100.739999999998,318.0,19.0,0.21192631578947368,0.15789473684210525,19559.750000000004,291.0,4,16
2025-05,Women Health,21812.89,326,21,0.20047619047619047,0.19047619047619047,2025-05-01,26933.94,21527.82,404.0,23.0,0.17991304347826087,0.21739130434782608,23187.5,347.3333333333333,5,17
2025-06,Women Health,19526.74,283,16,0.16025,0.125,2025-06-01,21812.89,26933.94,326.0,21.0,0.20047619047619047,0.19047619047619047,23424.883333333335,349.3333333333333,6,18
2025-07,Women Health,20294.26,288,18,0.1968888888888889,0.1111111111111111,2025-07-01,19526.74,21812.89,283.0,16.0,0.16025,0.125,22757.85666666667,337.6666666666667,7,19
2025-08,Women Health,17849.56,279,20,0.2076,0.2,2025-08-01,20294.26,19526.74,288.0,18.0,0.1968888888888889,0.1111111111111111,20544.63,299.0,8,20
2025-09,Women Health,21512.12,318,23,0.17506086956521738,0.13043478260869565,2025-09-01,17849.56,20294.26,279.0,20.0,0.2076,0.2,19223.52,283.3333333333333,9,21
2025-10,Women Health,16519.79,244,19,0.18209473684210525,0.21052631578947367,2025-10-01,21512.12,17849.56,318.0,23.0,0.17506086956521738,0.13043478260869565,19885.313333333335,295.0,10,22
2025-11,Women Health,20204.05,299,19,0.18791052631578947,0.05263157894736842,2025-11-01,16519.79,21512.12,244.0,19.0,0.18209473684210525,0.21052631578947367,18627.156666666673,280.3333333333333,11,23
2025-12,Women Health,15668.68,241,16,0.2153875,0.0625,2025-12-01,20204.05,16519.79,299.0,19.0,0.18791052631578947,0.05263157894736842,19411.986666666668,287.0,12,24
2024-01,Wound Care,14521.539999999999,298,16,0.21550625,0.0625,2024-01-01,,,,,,,,,1,1
2024-02,Wound Care,15327.76,302,14,0.19627857142857144,0.14285714285714285,2024-02-01,14521.539999999999,,298.0,16.0,0.21550625,0.0625,14521.539999999999,298.0,2,2
2024-03,Wound Care,18403.9,388,19,0.22925263157894737,0.21052631578947367,2024-03-01,15327.76,14521.539999999999,302.0,14.0,0.19627857142857144,0.14285714285714285,14924.65,300.0,3,3
2024-04,Wound Care,12104.970000000001,218,12,0.15514999999999998,0.08333333333333333,2024-04-01,18403.9,15327.76,388.0,19.0,0.22925263157894737,0.21052631578947367,16084.4,329.3333333333333,4,4
2024-05,Wound Care,23527.93,443,19,0.15383157894736843,0.05263157894736842,2024-05-01,12104.970000000001,18403.9,218.0,12.0,0.15514999999999998,0.08333333333333333,15278.876666666669,302.6666666666667,5,5
2024-06,Wound Care,14153.380000000001,293,13,0.20386153846153846,0.07692307692307693,2024-06-01,23527.93,12104.970000000001,443.0,19.0,0.15383157894736843,0.05263157894736842,18012.266666666666,349.6666666666667,6,6
2024-07,Wound Care,10221.49,186,8,0.1517125,0.125,2024-07-01,14153.380000000001,23527.93,293.0,13.0,0.20386153846153846,0.07692307692307693,16595.426666666666,318.0,7,7
2024-08,Wound Care,21719.84,417,20,0.18225,0.15,2024-08-01,10221.49,14153.380000000001,186.0,8.0,0.1517125,0.125,15967.6,307.3333333333333,8,8
2024-09,Wound Care,18526.420000000002,360,16,0.20263124999999998,0.25,2024-09-01,21719.84,10221.49,417.0,20.0,0.18225,0.15,15364.903333333334,298.6666666666667,9,9
2024-10,Wound Care,10538.5,203,9,0.17676666666666666,0.3333333333333333,2024-10-01,18526.420000000002,21719.84,360.0,16.0,0.20263124999999998,0.25,16822.583333333332,321.0,10,10
2024-11,Wound Care,11708.82,206,10,0.14769000000000002,0.1,2024-11-01,10538.5,18526.420000000002,203.0,9.0,0.17676666666666666,0.3333333333333333,16928.253333333334,326.6666666666667,11,11
2024-12,Wound Care,15357.21,283,13,0.18403076923076922,0.15384615384615385,2024-12-01,11708.82,10538.5,206.0,10.0,0.14769000000000002,0.1,13591.246666666666,256.3333333333333,12,12
2025-01,Wound Care,21203.08,413,18,0.2025888888888889,0.1111111111111111,2025-01-01,15357.21,11708.82,283.0,13.0,0.18403076923076922,0.15384615384615385,12534.843333333332,230.66666666666666,1,13
2025-02,Wound Care,10974.62,223,9,0.1952111111111111,0.3333333333333333,2025-02-01,21203.08,15357.21,413.0,18.0,0.2025888888888889,0.1111111111111111,16089.703333333333,300.6666666666667,2,14
2025-03,Wound Care,16439.54,320,12,0.20574166666666668,0.0,2025-03-01,10974.62,21203.08,223.0,9.0,0.1952111111111111,0.3333333333333333,15844.97,306.3333333333333,3,15
2025-04,Wound Care,22756.17,447,16,0.20194375,0.125,2025-04-01,16439.54,10974.62,320.0,12.0,0.20574166666666668,0.0,16205.746666666666,318.6666666666667,4,16
2025-05,Wound Care,25818.53,494,16,0.17055625000000002,0.1875,2025-05-01,22756.17,16439.54,447.0,16.0,0.20194375,0.125,16723.443333333333,330.0,5,17
2025-06,Wound Care,7505.1900000000005,144,6,0.1169,0.0,2025-06-01,25818.53,22756.17,494.0,16.0,0.17055625000000002,0.1875,21671.41333333333,420.3333333333333,6,18
2025-07,Wound Care,17464.18,330,12,0.17050833333333335,0.0,2025-07-01,7505.1900000000005,25818.53,144.0,6.0,0.1169,0.0,18693.296666666665,361.6666666666667,7,19
2025-08,Wound Care,14930.279999999999,292,13,0.17883846153846153,0.15384615384615385,2025-08-01,17464.18,7505.1900000000005,330.0,12.0,0.17050833333333335,0.0,16929.3,322.6666666666667,8,20
2025-09,Wound Care,13005.75,262,11,0.20035454545454545,0.09090909090909091,2025-09-01,14930.279999999999,17464.18,292.0,13.0,0.17883846153846153,0.15384615384615385,13299.883333333331,255.33333333333334,9,21
2025-10,Wound Care,9529.380000000001,190,9,0.20945555555555556,0.2222222222222222,2025-10-01,13005.75,14930.279999999999,262.0,11.0,0.20035454545454545,0.09090909090909091,15133.40333333333,294.6666666666667,10,22
2025-11,Wound Care,18651.75,360,15,0.20986,0.2,2025-11-01,9529.380000000001,13005.75,190.0,9.0,0.20945555555555556,0.2222222222222222,12488.469999999996,248.0,11,23
2025-12,Wound Care,26763.41,546,21,0.2127095238095238,0.23809523809523808,2025-12-01,18651.75,9529.380000000001,360.0,15.0,0.20986,0.2,13728.959999999997,270.6666666666667,12,24
